year,COM,GUY,LBR,SEN,BRN,JPN,USA,RUS,OMN,ALB,BOL,SYR,BDI,ISL,TWN,QAT,CHE,PAK,MMR,MDG,PNG,TCD,EGY,HTI,ZAF,BHS,MAR,IND,BFA,JAM,PHL,VNM,GNQ,THA,SLE,ESP,AFG,PRT,MUS,GIN,GTM,IDN,AGO,HKG,MRT,GNB,POL,ECU,DZA,GMB,NLD,CMR,CIV,NGA,ARG,MNG,SLV,MEX,TUN,IRQ,HND,BRB,VUT,KHM,ETH,DNK,FRA,KOR,KEN,ITA,GHA,NCL,DEU,VEN,FJI,ISR,BRA,MLT,LAO,SDN,BGR,NZL,PRY,AUT,MLI,PER,LKA,BMU,GAB,BHR,HUN,PRK,JOR,CHL,KWT,CAN,CAF,CRI,GRC,TGO,TTO,COL,SWE,URY,PAN,LBN,BEL,WSM,SOM,SGP,NER,YEM,MOZ,LBY,IRN,DJI,AUS,CHN,DOM,UGA,CUB,IRL,SUR,BEN,COG,FIN,TUR,GBR,NOR,NIC,CYP
1962,-0.34410962,0.06828831,-0.4422359999999999,-0.2038296,0.1937164999999999,2.0911243,2.072395,0.53556436,0.0030490172,-0.48691702,-0.1364848,-0.7887893,-1.4617553,-0.21505976,0.92309994,-1.6114401000000005,2.3319400000000003,-0.23699903,-0.7814889,-0.74882036,-0.6673763,-0.7189437,-0.18150643,0.12571849,-0.25143555,0.95403653,0.0606862529999999,0.19861509,-0.3345752,0.66196096,0.3863896,-0.29621,0.45141482,-0.60714537,-0.5770609999999999,0.53231275,-0.6298273,1.1619191,-1.2906323999999998,-0.5739845,-1.0846523,-1.0302192,-0.7256103,1.4188915000000002,1.3630652,-1.0871919,0.84175396,-0.08915253,-0.04758253,-0.5700778000000001,1.533548,-0.8142165,-0.80903727,-1.137573,-0.27564973,-0.80466324,-1.0338717,0.16552041,-0.16759866,-0.7262734000000001,-0.71542084,0.12727982,-0.5545183000000001,-0.6495477,-0.8421780999999999,1.6905077000000002,1.8460262,0.45628268,-0.57280135,1.9718326,-0.6426970000000001,-0.5443260999999999,2.4106553,-0.19462815,-0.6330720000000001,1.2821985,-0.5907968000000001,1.6003091,-1.5489864,-0.9824225,0.39524254,0.14404422,-0.79286,2.0453987,-0.8122236999999999,-0.5688041,-0.77919406,2.0448601,-0.8990509,-0.20104006,1.1879866,0.074340716,0.37770316,0.036811244,-1.262043,0.6937803000000001,-1.2223634,-0.46115443,-0.122700125,-0.4394116,-0.01603197,-0.54789084,2.2045429,0.10603242,1.0897982,-0.37738422,1.6757505,-1.123399,-0.7857396,1.020451,-0.7872915,-1.0965228,-0.7676261,-1.1077496999999998,-0.9139069,0.4781139,0.10056265,0.7954751,-0.47357494,-1.3106213,-0.3790232,1.1726614,-0.18254761,0.062016793,-0.8655748,1.1255391,-0.70439345,2.2887685,1.3659586,-1.0757532,0.00065216847
1963,-0.13849986,-0.11273856,-0.76403546,-0.19881257,-1.3631101,1.9171507,2.0341256000000003,0.31647545,0.8371597,0.21264538,-0.2820094,-0.25197032,-1.384985,0.06884939,1.0847015,-1.6848441000000005,2.275444,-0.010725251,-0.9995871,-0.8920443000000001,-0.79764277,-0.9067801,0.2543675999999999,-0.11549635,-0.3529620999999999,1.3847317,-0.068689354,0.30749822,-0.37234768,0.33897674,0.2631128,-0.4792691,-0.38732144,-0.7083026,-0.46735135,0.4488981999999999,-0.9304326,0.94562256,-1.4787022,-0.7914069,-0.055096958,-0.8908404000000001,-1.127484,1.4061422,1.3479178,-0.9904981,0.8184125,-0.2813903,-0.36932632,0.0010946048,1.4898245,-0.80614835,-1.0900228,-1.0469308000000002,-0.26230553,-0.18457684,0.4477416,0.057322208,-0.4336864,-0.50306594,-0.011484443,-0.63899785,-0.53405684,-0.82723397,-0.6485871,1.625534,1.8066375,0.8303079,-0.8020071999999999,1.9434495,-0.83125,0.053177916,2.3934124,-0.4113760999999999,-0.6903015,1.1788543,-0.8628689,1.5224998,-1.055933,-0.8505376,0.26240158,0.18808341,-0.9230976,2.0540192,-0.44331968,-0.6710735999999999,-0.40862742,1.8477244,-1.0534666,-0.14715154,0.97116977,-0.1904436,0.4215431999999999,0.07049298,-1.4183874,0.5861516,-1.31607,-0.08433086,-0.0908774359999999,-0.73419654,-0.18899927,-0.7662396,2.1464593,-0.07516958,1.07706,-0.005640556,1.6052636999999998,-1.2370571,-0.72016746,1.0183501,-0.93096745,-1.2245309,-0.88865906,-1.8419621,-0.41009754,1.1742936000000002,0.20015515,0.66156656,-0.57511455,-1.4918821000000002,-0.32507277,1.0084096,-0.26777294,0.26479644,-0.65458596,1.3759388,-0.7694298,2.2784467,1.2310526000000002,-1.0578693,-0.13132308
1964,-1.421275,-0.13073759,-0.60410625,-0.4848912,-0.46922702,1.8959717,2.039541,0.7263259,-0.86826897,-0.7693425,0.096766554,0.06377887,-1.4490441,0.07183197,1.1958162,-0.92708457,2.3393245,0.07381023,-0.8793419,-0.8494715,-1.0535933000000002,-0.68534184,-0.0266132039999999,-0.10095242,-0.31401572,1.038966,-0.12405312,0.14049818,-0.64706004,0.3820140999999999,0.26172677,-0.3868289,-0.20181188,-0.68673885,-0.8870146000000001,0.6048349000000001,-0.78624326,0.9437829,-0.31500867,-0.78947943,0.4227022,-1.2893732,-1.1273177,1.3751082,-0.82693654,-1.1599241000000002,0.99034166,-0.5976136,-0.1954701,0.44980878,1.5638428,-0.99614656,-0.89918566,-1.1366495,0.22790115,-0.43212238,0.53251535,0.3274022,-0.28870723,-0.82491875,-0.02294044,0.41567522,-1.0174837,-0.8528290000000001,-0.9506104,1.62625,1.864081,0.9296835,-0.59296006,1.9700286,-1.1054002,-0.49794236,2.3677413,-0.30207804,-1.0456929,1.1496414,-0.64437175,1.4370598,-1.104558,-1.3905691999999998,0.65459365,0.2744389,-0.8127842,2.0803285,-0.40959308,-0.60186887,-0.5875674,1.7141763,-1.1881821,0.33902955,0.9343532,0.36057734,0.4910009,0.28925294,-1.1805223,0.72852075,-1.2644566000000002,0.37593165,-0.008369098,-0.71877265,-0.48634267,-0.15788858,2.1456113,0.2611652,0.92518955,0.26231474,1.601512,-0.83008844,-0.7232171,0.67246974,-0.91568655,-0.86498475,-0.9381223,-1.9841049,-0.41108558,-0.36742672,0.3182042,0.59263635,-1.1079422,-1.4741036,-0.1919957,1.1943358,-0.9094449,0.0856988,-1.2305363,1.2937788,-0.60143393,2.22793,1.3216814,-0.22208759,-0.34425434
1965,-1.3122188,-0.2093353,-0.5653522,-0.42203778,-1.3095344999999998,1.9446954,2.0667915,0.7232834,-0.834009,-0.5183211,-0.36068043,-0.22882281,-0.48082682,-0.030546565,1.2956495,-1.6404166,2.3994143,-0.24541096,-0.9081357,-0.957524,-0.55424714,-0.6821634,-0.032425277,-0.020657491,-0.36992112,0.91141164,-0.2730621,0.19044057,-0.6098772,0.3920382,0.29441908,-0.29622078,-0.30511278,-0.80564195,-0.9255331,0.7105406,-0.7279238,1.0314711,-0.67951757,-0.6676708,0.48600882,-1.1907188,-1.0244089,1.4842992,-0.83699197,-0.78436315,1.0121667,-0.4659572,-0.45153973,-0.84608847,1.6499325,-0.70806247,-0.72821987,-1.1063869,0.13338868,-0.3972211,0.5376869000000001,0.25998595,-0.30462873,-0.8418603000000001,-0.43092197,-0.6184601,-0.99846494,-1.0178777,-0.9608984,1.72199,1.9650842,1.0676465,-0.44064358,2.0409675,-0.7044604999999999,-0.56320626,2.4680343,-0.41090205,-0.58644325,1.179715,-0.5012557,1.5435627,-0.90279144,-1.3406523,0.7318618,0.22985268,-0.6476563,2.128641,-0.6294488,-0.6196969,-0.79220986,1.5312108,-0.9949921,-0.36680835,0.98201793,0.01719511,0.4020068,0.030341456,-1.1911317,0.6481505,-1.2960243,0.9343938,0.0025212755,-0.70629746,0.15429413,0.070014454,2.1594949,0.6538395,0.93172073,0.3608595999999999,1.6468477,-0.04447477,-0.79440296,0.54303813,-1.0470889,-0.8633407,-0.95520383,-1.9256107,-0.4837062,-1.033246,0.25408193,0.5929485,-0.8929315000000001,-1.1968,-0.06722334,1.2583282,-0.2805291,-0.10078796,-0.8243393,1.3312169,-0.7154682,2.347121,1.2164813,0.14359745,-0.49297932
1966,-1.3340379,-0.37669793,-0.5231932,-0.14793299,-0.46155408,1.8819798,2.0181568,0.6384206,-0.6699275,0.13920824,-0.41322842,0.20763959,-1.0825276,-0.07876649,1.2928152,-2.010892,2.2712739,-0.363596,-0.99875695,-0.9329806,-0.5774524999999999,-0.69564563,0.085038185,-0.13979651,-0.28327557,0.72667044,-0.2633827,0.17943294,-0.6236659000000001,0.22887923,0.19391622,0.0597970929999999,1.5362453,-0.87306565,-0.9059101,0.6962334,-0.91353786,0.98793906,-0.5085794,-0.85153055,0.5399451999999999,-1.1849093000000002,-1.0694786,1.3340471,-0.6868173000000001,-0.9460087,1.015565,-0.43308845,-0.19142094,-0.529257,1.5097005,-0.74605805,-0.74966866,-1.169983,-0.24274361,-0.7843380999999999,0.8334024999999999,0.29667127,-0.27030477,-0.6777164000000001,-0.27611992,0.47290698,-0.8248273000000002,-0.977049,-0.82177114,1.5702196000000002,1.7891886,0.9027549,-0.42591593,1.9520429,-0.81761664,-0.23833826,2.3554072,-0.8700437,-0.3094608,1.0452703,-0.60842395,1.4018809,-0.6832871,-1.1902012,0.7323618000000001,0.06230274,-0.6882102,2.0353787,-0.71476287,-0.54555255,-0.84140044,1.1607333,-1.3867773,-0.098475985,1.0240465,0.35775962,0.2937719,0.30167004,-1.2752451,0.75286925,-1.3251023000000002,0.9692985,0.02805707,-0.502387,0.14844579,0.2012512,2.2374177000000004,0.28586838,0.90936863,0.16389655,1.5648185,-0.15976112,0.19083306,0.48305407,-0.62298155,-1.142127,-0.6943468,-2.0045195,-0.5688512,-1.3655511,0.4556350999999999,0.61900955,-0.8572457,-1.5358413,-0.20490372,1.1403441,-0.32055098,-0.28472868,-1.1815776000000002,1.4687902,-0.68222994,2.2795675,1.3010426000000002,0.17770427,-0.2343784
1967,-0.4939229999999999,-0.2910202,-0.7714496999999999,-0.36811236,-0.25994986,1.8787849,1.9634919,0.5732096999999999,-1.2691377,0.35659105,-0.62085664,-0.26852232,-1.1902591,0.0558748,1.2537498,-1.7896819,2.2325506,0.31161225,-1.0017173,-0.5298698000000001,-0.7416977,-0.7896199,-0.001442564,0.07320722,-0.27574924,1.0597876,-0.26762325,0.06696768,-0.31378084,0.19572255,0.20516235,-0.19341955,-1.537488,-0.69266725,-1.0711222,0.7215225000000001,-0.74817634,1.0903796,-0.4364699000000001,-1.0238826,0.5127215,-1.2352248,-1.0333867,1.4915382,-0.71890205,-0.99320006,0.9094925,-0.5984334,-0.6596416,-1.1493329,1.4764276,-0.90493333,-0.8887388,-1.0940703,0.16546468,0.05019526,0.91436917,0.16463365,-0.2705099,-0.9146646,-0.07819402,0.85835326,-0.77612513,-0.710676,-0.8681465,1.6060795,1.7860798999999998,1.0072448,-0.22515231,1.9909289,-0.74766725,-0.21656252,2.2959400000000003,-0.6852421999999999,-0.24709228,1.0005468000000002,-0.2548241,1.4838785,-0.64986306,-1.2184411,0.35337043,0.1007293,-0.54868186,2.062091,-0.8323414000000001,-0.5949366,-0.9037812,1.018829,-1.3767368999999998,-1.6452491000000002,0.8780123,0.5232318,0.37264267,0.04940511,-1.3246534,0.6791467,-1.0160866,1.0025287,0.0048834863,-0.58399445,0.07907184,0.16595086,2.12401,0.4944154999999999,0.7968360999999999,0.5767558,1.4808778,-0.28488216,-0.05772385,0.40654275,-0.8702004999999999,-1.0309379,-0.79183316,-2.1127336,-0.7533854999999999,0.71081877,0.24582626,0.6843051,-0.76568097,-1.3175302,0.33067554,1.1038290000000002,-0.49772114,-0.6303302,-0.9704128,1.455478,-0.68302685,2.1709762,1.339392,0.16218713,-0.21823737
1968,-1.1037972,-0.3447473,-0.97422475,-0.38049355,-1.0804768,1.8448712,1.9577651000000005,0.42962915,-1.5630035,0.19355477,-0.8851376,-0.14452973,-0.8680038,0.28291085,1.1521689,-1.9631511,2.1128137,0.17055519,-0.9668596,-0.6848831999999999,-0.9894789,-0.8377235999999999,0.141193,0.30587554,-0.3978107999999999,0.7854538000000001,-0.21957491,0.14040025,-0.2108496,0.20649216,-0.3850950999999999,0.41436756,1.0809786,-0.5944599,-1.0554909,0.78152907,-0.71252656,1.0147023000000002,-0.6355889,-0.8495882,0.52469325,-1.2105912,-1.129591,1.3978876,-0.5840209,-1.1434911,0.9209382,-0.58387965,-0.6151945,-0.7155191999999999,1.4081618,-0.44808155,-0.9004645,-1.3173794,0.14811122,-0.54326767,0.8662624,0.3066113,-0.12907933,-0.9357973,-0.1157541,0.6484409000000001,-1.165284,-0.6683684,-0.8907883,1.5995489,1.7160808,0.99273515,-0.30184412,1.8991647,-0.99548084,-1.2818617,2.225398,-0.7130846,-0.040040415,1.1053457,-0.32593182,1.4185046,-0.4389499,-1.1803903999999998,0.5811871999999999,0.18438914,-0.60575444,1.9492502,-0.62530446,-0.6762423000000001,-1.0488442,0.8732509,-1.3705839,-0.05976893,0.91542095,0.35321614,0.4021344,0.0424749659999999,-1.2088968,0.6867270000000001,-0.9644007,0.9261316,0.120538175,-1.1855537,0.38849854,-0.17984301,1.9680175,0.41863438,1.1517608,0.7129770000000001,1.5290651000000002,-0.30301806,-0.22827062,0.34532228,-0.62191594,-0.5900042,-0.85931873,-1.8649285,-0.73145294,1.7353183,0.2153976,0.6102814999999999,-0.739667,-1.3815657,0.19656582,1.0541011999999998,-0.43228176,-0.8208367,-1.0615448,1.4019281,-0.6548015,2.0580246,1.258037,0.14145628,-0.1546968
1969,-1.0046154,-0.51167846,-1.2084107,-0.05065038,-0.80015856,1.929652,1.9097674,0.3326923,-1.4220101,0.16540948,-0.835895,-0.14873129,-1.2951386,0.44864565,1.3145452,-1.0405027,2.225965,0.012966453,-1.1920744,-0.6739556999999999,-1.0212264000000002,-0.6701362,0.20710607,0.33199346,-0.40555423,0.6358118,-0.17721282,0.12666996,-0.48875576,0.17579216,-0.32904533,0.08483387,-1.3594085,-0.71718454,-1.0296739,1.081226,-0.71582425,1.0421380999999998,-0.7587798000000001,-0.7550908000000001,0.5536496999999999,-1.2256545,-0.9533166,1.4370768,-0.44602466,-1.0142472,0.8472400999999999,-0.5671936,-0.23156251,-1.4330325000000002,1.4158151,-0.24165417,-0.72330606,-1.2978598,0.19909412,-0.42793506,0.83972114,0.41125014,-0.17506154,-0.7858986,-0.14134052,0.7446434000000001,-1.1544586,-0.85492724,-0.818077,1.6202843999999998,1.8168813,0.9338128,-0.23558089,2.0643013,-1.0286143,-0.9085177,2.314731,-0.55969614,-0.4680889,0.95936215,-0.4073152,1.3613309999999998,-0.64787424,-1.3034164,0.7748128000000001,0.19789559,-0.71276605,2.0469708,-0.97770786,-0.61233324,-1.2026219,0.82781416,-1.3513616000000002,-0.29367876,0.9107936,-0.02380656,0.58110726,-0.20445679,-1.1043338,0.70765024,-0.62751967,0.92396873,0.42850596,-1.2207892,0.23878351,-0.102576144,2.0731184,0.32643494,0.76644784,0.81182784,1.5581825,-0.3248864999999999,-0.30849436,0.2553417,-0.9059495,-0.5270355,-0.6845106,-1.9668596,-0.6825281999999999,-0.066602245,0.11169949,0.5972392,-0.47620678,-1.3822044,-0.0093333945,1.0199454,-0.49861395,-0.8304299,-1.0517238000000002,1.4899815,-0.5826216999999999,2.1097274,1.3578565,0.023058943,-0.15748933
1970,1.213423,-7.460227e-05,-0.57833856,-0.1602357999999999,-0.91604936,1.9336735,1.7925843,0.55469096,-1.0253024,0.046105318,-0.6729375,0.13557449,-0.7034081,0.36490408,1.2042025,0.13456589,2.1918330000000004,0.021555834,-1.3035507,-0.8645964,-0.8328049999999999,-0.8159986,0.16131045,0.23528853,-0.29643407,0.52957284,-0.23169407,0.072487034,-0.32173136,0.21884193,-0.3006194,-0.16798954,-0.87057424,-0.8217584000000001,-0.82323027,0.9979135,-0.91598743,0.98798305,-0.63852304,-1.044946,0.45463708,-1.3541777,-1.1355752,1.3274745,-0.66121334,-1.0260023,0.84559894,-0.80976313,-0.37999982,-0.9657689,1.4290065,-0.5052991,-0.89188385,-1.5451179,0.00017687016,-0.7403268,0.919646,0.5998161999999999,-0.27194682,-0.6223271,0.21356691,0.89935094,-0.9500287,-1.0692985000000002,-0.91016275,1.5463523,1.7668136000000003,0.89750963,-0.36723074,2.0117502,-0.9029098,-0.74255586,2.3117435,-0.8509091999999999,-0.17189717,1.037456,-0.4054335,1.4660038999999998,-0.39641994,-1.5203784,0.7611588,0.2465105,-0.5953376,2.025504,-0.7737031,-0.6523619,-1.3789148,0.7490254,-1.2107247,0.80147827,0.87358844,0.25308746,0.45243832,-0.18036287,-0.60217816,0.67333806,-0.9203679,0.86099386,0.3815949999999999,-0.9979057,0.5899356,-0.15752402,2.130047,0.05966501,1.0798596,0.6809145999999999,1.5717428,-0.45927414,-0.28208476,0.39066288,-0.97284,-1.090508,-0.80122465,-1.8193783,-0.6951788000000001,0.6790733,0.012312998,0.60535437,-0.3392085999999999,-1.4709451,0.27690205,1.0114043,-0.40513247,-0.7268543000000001,-1.2092128999999998,1.458573,-0.5403005999999999,2.0960267,1.2290384,0.1567783999999999,-0.031622816
1971,-0.93359655,0.0064411103,-0.87728894,-0.100347206,-0.39492828,1.8627555,1.873357,0.4200062,-1.4151418,0.14907326,-0.57872945,0.08284666,-1.1049479,0.12083899,1.1231464,-1.0228189,2.2420282000000005,-0.16055554,-1.2299631000000002,-0.819129,-0.22269426,-0.8503743,0.19249243,0.4787941,-0.2854084,0.35612163,-0.016734937,0.2882095999999999,-0.45178872,0.28395212,-0.3900386,0.070820786,-1.3120812,-0.76746714,-0.9423535,0.9618041,-0.8236796000000001,0.92333883,-0.5927366,-0.7482805,0.51342183,-1.3357873,-1.2087041,1.4643763,-0.7914324,-0.8342941999999999,0.8294523000000001,-0.8731536,-0.42629436,-1.1802704,1.3564689,-0.735506,-0.71948254,-1.6915643,0.002423313,-0.37492722,0.80705565,0.69469243,-0.28816983,-0.5225572,-0.47721046,0.9356665,-0.8637183,-0.8688261,-0.96255255,1.5224874,1.7299956000000003,0.80465835,-0.119520575,2.039661,-0.94825363,-0.71483207,2.3048167,-0.9655289,0.057052907,0.8357528000000001,-0.32689664,1.5678118,-1.2484267,-1.375243,0.6527099000000001,0.18885107,-0.4882598,1.9845676,-0.80942523,-0.7457020999999999,-1.1448364,0.6379191,-1.3628561,0.81175655,0.8639754999999999,0.4126380999999999,0.3448558,-0.23157904,-0.5894413000000001,0.54304886,-0.7378075,0.9643506,0.37316102,-0.072395004,0.60384846,-0.11448804,2.1908464,0.24810344,0.64118344,0.6515991,1.4956886,-0.6200911,-0.2692757999999999,0.5400566,-0.82756126,-1.2022331,-0.6700244000000001,-2.1829011,-0.7509683000000001,0.51527745,0.019734513,0.5515656999999999,-0.23662694,-1.4914731,0.12061394,1.0895224,-0.26679015,-0.77906126,-0.9411222,1.3822609,-0.443655,2.164667,1.2975692,0.21678679,0.26635322
1972,-0.6634369999999999,0.17962122,-0.8815601000000001,-0.0850197,-2.2489405,2.0264592,1.8645399,0.51144546,-1.3695883,-0.02506206,-0.7435953000000001,0.0016569343,-1.4043018,0.34813952,1.142559,-2.376354,2.2193062,-0.43372822,-0.8074491,-0.94860846,-0.2829172,-0.9261809,0.34657818,0.38566983,-0.2044928999999999,0.2517719,0.0049235984,0.26695794,-0.66336673,0.40486687,-0.12656796,0.2884817,-1.0340233,-0.5707963,-0.87653965,0.95821536,-0.8629953000000001,1.0438433,-0.66429156,-0.82372993,0.46043098,-1.3241101999999998,-0.9604926,1.4132538,-0.87850237,-0.8602956,0.7713492,-0.8335761999999999,-0.61956686,-1.2695854,1.366963,-0.5586246,-0.6716871,-1.7500473,0.09891005,0.55398947,0.8290274,0.65684307,-0.08938122,-0.85887706,-0.35093468,1.1799006,-0.87278026,-0.74671155,-0.9145166,1.4948158,1.6597426,0.9295951,-0.38762274,1.9394418,-0.96835136,0.1322007999999999,2.3335166000000003,-1.0056752,-0.062419835,0.8558444,-0.337313,1.523621,-0.9454598,-1.3547796,0.7055434,0.33307275,-0.5026483,2.0108273000000003,-0.772932,-0.6139705,-0.7198326,0.9438239,-1.4211937,0.57728326,0.7343972,0.5287356,0.3248304999999999,-0.063524365,-0.2891343,0.71598005,-1.2347081,0.80497473,0.39712617,-0.82585615,0.4250954,-0.09930437,2.0837092,0.43773055,0.53172475,0.7296166000000001,1.5809824,-0.40483794,-0.5437145999999999,0.4613706,-0.52849376,-0.5537622,-0.74303603,-1.9185314,-0.83514243,0.3817572999999999,-0.011341957,0.49026662,-0.31953308,-1.4419403999999998,-0.05850398,1.0786927,-0.3753288,-0.7226133000000001,-0.7594101,1.3664379,-0.29509506,2.2022257,1.4047877,-0.06700222,0.34944654
1973,-0.20733918,0.2139873,-0.66430044,-0.08379836,-2.61396,2.1298218,1.7948415,0.3200699,-1.1670462,-0.051097944,-0.7486608,0.099539265,-1.1769451000000002,0.29041383,0.9754361,-2.203786,2.2713475,0.01872986,-0.813264,-0.8010092,-0.6701178000000001,-0.9453148,0.2930241,0.53851485,-0.34902358,0.15308535,-0.112720594,0.2581078,-0.6370683000000001,0.50627613,-0.17058018,0.0592006,-1.2936321000000002,-0.3160573,-1.2977166,0.89360696,-0.90699947,0.97385335,0.055364385,-1.0725123,0.3667972,-1.3585272,-0.74870974,1.2994705,-0.96536785,-1.0463961,0.8298402,-0.8756345999999999,-0.5893774,-0.84266394,1.3807591,-0.570257,-0.6951541999999999,-1.7040061999999998,0.19124454,0.14182854,0.7709209,0.7579064,0.03376281,-0.9905344,-0.16810264,1.149457,-0.93929076,-1.1247352,-0.8784344000000001,1.4523659,1.6488603,0.90239966,-0.49636376,1.9727353,-0.6501161999999999,-0.062420055,2.28934,-0.98505676,0.027305186,0.79356325,-0.23999016,1.2281717,-0.6842155,-1.400761,0.8371226999999999,0.3398731,-0.45026448,2.0034254,-0.7185746999999999,-0.7015755,-0.77683556,0.96478647,-1.5254115,0.41363448,0.7547618,0.13353896,0.40568218,-0.3904513,-0.605262,0.4227101,-1.2800425,0.75457823,0.38168657,-0.65556026,0.2592856,0.33278784,2.1034734,0.1691906,0.49827898,0.78519607,1.6171813,0.06462443,-0.2005904,0.65606785,-0.5614449,0.021230519,-0.73779523,-2.368316,-0.9837394,0.4676224,-0.12833583,0.48771167,-0.110278785,-1.4158925,-0.21683852,1.02512,-0.06798695,-0.641046,-1.1036351,1.2868508,-0.27629954,2.0876367,1.3478868,-0.006933481,0.25777942
1974,-0.3289548,0.20234932,-0.8303292999999999,-0.016173631,-3.8363638,1.7789598999999998,1.5575427,0.116985776,-2.6040828,0.112458944,-0.7194545,0.059787277,-0.5135843,0.33512545,0.94853455,-1.4207531999999998,1.8843424,0.21962069,-0.6823052,-0.65775985,-0.6285199,-0.6310140999999999,0.34027696,0.5132926999999999,-0.10204209,0.6554293000000001,-0.012765228,0.33256212,-0.23380749,0.3511251999999999,0.040630043,-0.2529063,-1.8560786,-0.1038656759999999,-0.8378931000000001,0.88823456,-0.58077985,0.8763575000000001,0.46633983,-0.8041033000000001,0.3314447,-1.2370901,-0.92057997,1.1372565,-0.39176738,-0.6834246999999999,0.7719632,-0.73451513,-0.8840839,-0.8514881,1.1901028,-0.6248063,-0.56124806,-1.4013332,0.36104238,0.29870793,0.74438363,0.6456789000000001,0.06408231,-1.4471492,0.003073051,0.90721095,-0.62019986,-0.24624851,-0.6211654999999999,1.2506747,1.4779552,0.9086184000000002,-0.20061065,1.6619925,-0.697781,-0.26163456,1.9276558,-1.0868707,0.0619097429999999,0.8335776,0.23657586,0.93596613,-0.67354745,-0.8047285,0.75126946,0.3562039,-0.28931373,1.6841438999999998,-0.05634349,-0.29020953,-0.6803866,0.5511047,-1.5741346,0.14983058,0.7632665,0.0241028179999999,0.4613155,-0.11321075,-1.2293838,0.4952487,-1.07415,0.6860419,0.46443912,-0.4126925999999999,-0.45071596,0.61619526,1.7945508,0.39658177,0.6756333999999999,0.8287505999999999,1.3863401000000002,-0.36732632,-0.171085,0.68948776,0.7190343000000001,-0.25368738,-0.58614963,-3.518784,-2.1180916,0.07673965,0.1027242,0.43914896,0.0795101,-1.1384616,-0.07001529,1.0496688,-0.35418415,-0.37167034,-1.0370897,1.2140516,-0.022219878,1.7862982,1.2255847,0.15912655,0.2425433999999999
1975,-0.457372,0.117932186,-1.000036,-0.11400944,-3.2907832000000004,1.9844157,1.6269216999999998,0.076081194,-2.0454607,0.06639754,-0.76724863,-0.061806004,-0.76362675,0.3618243,0.9012218,-1.7805623,2.0423715,0.11069398,-0.47340292,-0.8152789,-0.67409164,-0.5270996,0.23362142,0.4643905,-0.20407732,0.6552669,0.0142577775,0.3172977,-0.10797646,0.22152257,-0.032037485,-0.014638634,-1.7577096,-0.1663069999999999,-1.0479991,0.88715804,-0.48407957,0.87802726,0.3483832,-1.5020779,0.29597715,-1.5680475,-1.3673385,1.1337544,-0.45849913,-1.0112450000000002,0.9139291,-0.76510733,-0.97060835,-0.93932533,1.2484383999999995,-0.4316378999999999,-0.7027749,-1.6496241000000005,0.4375726,0.3273322,0.59840924,0.683904,-0.07731946,-1.3921968,-0.17757796,0.6982144,-0.20189321,0.2801459,-0.48789495,1.374661,1.6138892,0.91399693,-0.35387406,1.7909628,-1.0900832,0.044593412,2.0318477,-1.8247492,-0.2937862,0.94634694,0.099790424,0.97023267,-0.4401264,-1.1579006,0.7356263000000001,0.35740831,-0.34099424,1.8451712,-0.44858983,-0.67947865,-0.7132757,0.71446025,-1.9990935,0.3364912,0.8585706,0.10409465,0.9131368,0.2892752,-0.8289816999999999,0.40469873,-0.43576086,0.68307966,0.43143708,-0.4088194,-0.19564362,0.53011155,1.9713589,0.43034527,0.5963251,0.8539382999999999,1.4350663,0.50429195,-0.22274484,0.6606473,0.018122876,-0.13791636,-0.8464449000000001,-1.8366629,-2.0382378,0.5668776999999999,-0.0071927602,0.39986715,-0.22808371,-1.4496601,-0.75459707,1.0242487,-0.36283493,-0.56400627,-1.3266191,1.3467435,-0.024064815,1.8978274,1.1741158,0.0015424693,0.20407155
1976,-1.0176200999999998,-1.0493956,-0.80369294,-0.19649972,-3.180773,1.8456019,1.6694508999999995,0.35726383,-3.445059,-0.013654178,-0.5998333,0.5606184000000001,-0.87094325,0.13441522,0.86097413,-1.391725,1.9053992,0.13016027,-0.7371622,-0.8741972,-0.98825777,-0.5509616999999999,0.0490136,0.36838308,-0.003403115,0.30608082,-0.043875314,0.24630813,0.04688079,-0.33122158,-0.12877938,-0.027501235,-1.6367425,-0.0011029651,-1.0176337,0.9033849,0.23459566,0.91099834,-0.10910727,-1.6477917000000002,-0.48384324,-1.0020361,-1.647552,1.0595404,-0.9090452,-0.70773906,0.69127655,-1.0507641,-0.5840113,-0.4081721,1.3094561000000002,-0.24936377,-0.40383106,-1.3776928,0.38905132,1.0517156,0.028355645,0.6435434,-0.09063442,-1.6501956999999998,-0.7400295,0.6901649000000001,0.008899235,0.22027579,-0.65850717,1.3333021,1.6000297,0.8379052,0.16620414,1.7114172,-0.71804535,0.4360143,1.9251258,-1.1656551000000002,0.8697787,1.0597297,0.06573616,1.0722601,-0.11907232,-0.46232107,0.61772114,0.50027204,-0.4416383,1.7204191999999998,-0.40144974,-0.21254526,-0.22359672,0.095671155,-1.3478955,0.58608156,0.83351547,0.42095044,1.2908726,0.08261878,-0.06229436,0.6165609999999999,-1.1959475,-0.1858559,0.39968276,-0.22306874,-0.7694887,0.2514978,1.7900192,0.22799408,-0.47336602,1.1564165000000002,1.4676561,0.008945654,-0.017915593,0.7506035,-0.48071846,0.055949565,-0.9993552,-1.6802402,-1.9357594,0.860202,0.032161094,0.46347344,-0.08824154,-1.4117714,-0.9210708,1.1242237,0.2915211,0.05834574,-0.16331822,1.4146535,-0.05837917,1.8513478,1.3767823,-0.5361511,0.5832204000000001
1977,-0.5819717,-0.34098366,-0.70931745,0.096441336,-2.5319123,1.7058102,1.4839562,0.3245854,-2.372337,-0.015074301,-0.36394995,0.546988,-0.84453285,0.23081104,0.9533166,-2.6136665,1.7038883000000002,0.048497245,-0.481188,-0.73728967,-1.1738087,-0.08269703,-0.05072233,0.5355426999999999,0.14260475,0.015442734,0.038562257,0.30897644,0.0073219053,-0.44344896,0.12729383,-0.044509545,-0.20500751,0.13005786,-0.7179230999999999,0.8700459999999999,-0.1385233,0.8832625,0.38244098,-0.19036481,0.16539608,-1.2865223999999995,-2.1696742,1.0689862,-0.21991877,-1.7078111,0.7261017,-1.0453441,-0.7439833,-1.2461275,1.1712435,-0.7215151,-0.35104543,-1.31184,0.337935,0.8491284,0.11212249,0.6877850999999999,0.003972127,-2.1274707000000004,-0.5087532,0.9684853,-0.25081623,0.28895825,-0.7730994999999999,1.2651078000000002,1.4281473999999998,0.8689889000000001,-0.03984941,1.4910343,-0.90331656,0.5210509,1.6977409,-1.0270914,0.014883455,0.8936415000000001,0.07940548,0.98247814,-0.24920082,-0.7573506999999999,0.6970715000000001,0.5984041999999999,-0.17605403,1.5852598,-0.44958478,-0.17016312,-0.17839438,0.44492263,-1.5417154,0.5224203,0.90591246,0.67824924,0.97354615,0.17933777,-0.1784806,0.56429124,-0.4988292,-0.04246969,0.4686800999999999,-0.17972037,-0.6516935,0.22576046,1.5786954,0.20559624,-0.28815585,0.826234,1.3527441999999998,-0.44724193,-0.59406066,0.66781783,-0.17006795,0.25106707,-0.56586814,-2.4891286,-2.015409,-0.054339945,0.13855956,0.4604036,0.23407452,-1.183735,-0.6096649000000001,1.0669315,-0.47776806,0.21144988,-0.8232838,1.2614369,0.057694677,1.5857596,1.1384195,-0.28633595,0.6079504
1978,-0.8737184000000001,-0.81211674,-0.9687217,0.0464144159999999,-2.50823,2.0640612000000003,1.6102691,0.40751645,-1.0443624,0.04973419,-0.49713138,0.23979527,-0.85491776,0.0218044539999999,1.0545316,-0.13716435,2.0262365,-0.09557301,-0.82385105,-1.3078288999999998,-1.3706543,-1.0064019,-0.30966657,0.36019844,0.0710809999999999,0.10423038,-0.10071397,0.5397443000000001,-0.08244813,-0.90132135,0.091343656,-0.37514406,-2.5540848,-0.14471371,-1.356154,1.1189991,-0.20910883,0.9204563,0.32748714,-1.7454035,0.17678094,-1.4716771,-1.837405,1.0584584,-0.53165877,-0.17614533,0.9645535,-1.0819514,-0.21670431,-0.7652873,1.4497348,-1.2263522,-0.9734576,-2.058504,0.32565555,0.71735406,0.6468385999999999,0.6148874,-0.05321254,-1.7146447,-0.8152814,0.7819258000000001,-0.9451269,0.80580044,-1.3298166,1.4714496,1.6469546999999998,0.9110778,-0.74520534,1.6621384999999995,-1.3594966,0.3222410999999999,2.1074915,-0.39355943,-0.08028259,0.9692788,0.07928985,1.0233092,-0.70168686,-1.2187915,0.75926024,0.61582017,-0.63807887,1.8295561,-0.61256826,-0.12382178,-0.44603336,0.60368323,-1.3800228,-0.53101355,0.8844825000000001,0.53696465,1.1133468999999998,0.16549702,-0.38676804,0.793383,-1.0247935,-0.26023486,0.48705062,-0.6689586999999999,-0.38186285,0.15441497,1.9050316000000005,0.59079975,0.116764374,1.0209739,1.5812002,-0.07627967,-1.0760006000000002,0.7465453000000001,-0.91942185,-0.48036546,-0.97878814,-1.6534176,-1.2563479,0.7551926999999999,0.1589988,0.46112618,-0.02701596,-1.3812498,-0.7715393,1.2414546,-1.0387454,-0.91711926,-0.85523444,1.4292576,-0.09232507,1.8311266,1.2400059,-0.84577227,0.4575599
1979,-1.130557,-0.2580629,-1.2475569,-0.24318263,-2.4202056,2.031737,1.5393673,0.25053838,0.090901665,-0.100820445,-0.51196367,-0.023160124,-1.2672917,0.1724996,1.0320269,0.8931203999999999,1.9772824,-0.043596864,-0.9950164,-0.9842356,-1.8335749,-0.9923949,-0.1952885,0.4324479999999999,-0.021408862,-0.040061705,-0.05990712,0.4158614,-0.13099788,0.25785375,-0.03971379,-0.2781614,-0.80114967,-0.04953865,-1.4029566,1.1771988000000002,-0.30431286,0.9215322,0.30643255,-2.4095805,0.19883908,-1.420551,-1.519217,1.0488114,-1.281915,-0.9929998,0.8242136999999998,-0.6830783,-0.48393232,-1.1651347,1.3693169,-0.98349005,-0.88924587,-2.3065205,0.33095926,0.2422587999999999,0.4353648,0.4787884,-0.0774275,-1.4735023,-0.75716984,0.95662963,-0.8500045,1.0883389,-1.087081,1.4953026000000005,1.6475214,0.8782921999999999,-0.2334659,1.6180277,-1.1937414,-0.2555745,2.0344937,-0.38735566,-0.007443986,0.95628893,0.37035048,1.0601037,-0.1987664999999999,-0.9697594,0.6684359999999999,0.40293533,-0.822276,1.6914307000000002,-0.73796606,-0.032799773,-0.53505677,1.0766802,-1.3265413,0.031785462,0.8768843000000001,0.66186255,0.9209288,-0.085144825,0.23034823,0.75683266,-1.1502553,-0.43551257,0.34152436,-0.96949863,0.1468669,0.108229384,1.8791058,0.5845213,-0.13724446,0.75866574,1.4866798,-0.57922906,-0.3481042,0.4180788,-0.92721295,0.07904347,-0.45440203,-1.0558664,-1.0742723,0.6426261999999999,0.09590592,0.47416285,-0.07417679,-1.6166892,-0.86412734,1.2035211,-1.206457,-0.11461475,-1.5220528999999998,1.4014221000000002,-0.15467073,1.7974766,1.1134568,-0.7869559,0.37791854
1980,-1.3093791,-0.25759545,-1.5128902,-0.022697538,-2.5245006,1.7941055,1.4422553,0.31775874,0.006919845,0.46242717,-0.59231824,0.20332849,-1.3480396,0.2812828,1.1182215,0.2113034999999999,1.7560556,0.0947973,-0.78938806,-0.9712892,-2.048746,-0.8943523000000001,-0.38506666,0.48035932,0.031021161,0.15717164,-0.048202176,0.39205024,-0.32354093,0.1874167,-0.041615937,-0.33502972,-0.64002144,0.09868664,-1.4401642,1.1371396,0.01552635,0.8280073,0.34674755,-2.4294138,0.18759623,-1.4762479,-1.8610754,1.1494188,-0.9432269,-1.1411536,0.9697872,-0.7142936,-0.8246326999999999,-0.7917149,1.2170131000000002,-1.6848161,-1.3437204,-2.3407044,0.23432198,0.37445426,-0.11882549,0.17366917,0.23110051,-0.70282406,-0.5532003000000001,1.05792,-1.1797825000000002,1.338266,-0.94619036,1.3558412,1.4986723999999998,0.9213112,-0.061068412,1.5712775,-1.3722409,-0.8920114,1.8394173,0.19617939,-0.2047006,0.9976385,0.42461264,1.046441,-0.019807557,-0.94681805,0.84655976,0.43951198,-0.7372724,1.5606315,-0.8556891,-0.00094003556,-0.44202074,0.9348536,-1.61897,0.75599694,0.8864995999999999,0.5090935999999999,0.9599678,-0.037380807,0.48998025,0.7045673000000001,-1.301301,0.41804844,0.54946023,-1.2024828,0.2351425,0.24782726,1.7280122,0.70874286,0.5238623,0.6772073000000001,1.3614742,-0.23981318,-0.94663453,0.40297693,-0.6622694,0.59978354,-0.6856711999999999,-1.0791696000000002,-0.89520204,0.48260766,0.115151055,0.4946432,-0.17592685,-0.90119374,-0.8045986999999999,1.1750448,-0.8891606,-0.26348993,-1.7505646,1.3408579,-0.0065188096,1.6919197,1.1544451999999998,-0.8243427,0.4983784
1981,-0.5355095,-0.085876904,-1.2439286,0.0746215,-3.1273634,1.8937587,1.4704602,0.023099866,0.21789242,-0.02730411,-0.33794627,-0.018292472,-1.2801865,0.14520279,1.1024864,0.35854182,1.7692031000000004,0.19518493,-0.68649864,-0.9472562,-1.3097175,-0.7914100000000001,-0.44994938,0.43455768,0.06664286,0.7352969,-0.0046137706,0.48179078,0.10885267,0.21176268,0.0003066732,-0.31460884,-1.4309417,-0.031605896,-1.3713999,1.1623476,-0.19664681,0.84660137,0.37445772,-2.678775,0.32184663,-1.4709685,-1.7969422,1.0415933000000002,-0.9448911,-0.8744261999999999,1.0063498,-0.8977722,-1.1903092,-0.04282041,1.219753,-1.6834682,-0.664979,-2.1041737,0.3138352,0.21225512,0.48301286,0.2909636,0.23577738,-1.5488493,-0.5503085999999999,0.9804677,-0.5168157,0.71078616,-0.769345,1.3795503,1.5227768,0.9989753,-0.15534966,1.5389041,-1.3458956,0.16567598,1.8353511,-0.4472142,-0.41582155,1.0071665,0.5367523,0.8955103999999999,-0.16813262,-0.85983664,0.8074994000000001,0.5257965,-0.5965606,1.5699104,-0.49055123,-0.13501193,-0.3218352,1.3486006,-1.9878316000000005,0.049715407,0.8667796999999998,0.63310087,0.88055176,-0.16801685,0.486796,0.7457271,-1.4079351,-0.44591814,0.5192826,-0.8141305999999999,0.24543683,0.4875749,1.7290233,0.6345644,0.4933545999999999,0.70537245,1.3510308000000002,-0.17637551,-0.770165,0.498993,-0.20376042,0.8542209999999999,-0.69653326,-1.3577236,-0.8385174999999999,0.45952258,0.07393945,0.5437744999999999,-0.11397048,-1.0868075,-0.47799376,1.1687611,-1.2276728,-0.32942298,-2.2445254,1.2651204,0.31626529,1.6853002,1.1043437,-0.9515673,0.55423635
1982,-0.15518272,-0.40667984,-1.5330046,-0.24584523,-2.1240745,2.03134,1.4969358,0.16996552,-0.5112738,-0.24742648,-0.25975597,-0.04667456,-1.2148763,0.14613055,1.0872078,0.8337263,1.8781097,0.09425112,-0.88864636,-1.0636396,-1.8554733,-0.72460073,-0.4181962,0.21216372,0.13366988,0.4531762,-0.018212477,0.23978598,-0.35236278,0.17415486,-0.060512517,-0.6610256,-0.60078156,-0.09178731,-1.120817,1.2051705,-0.29466245,0.8351629,0.32458568,-2.729592,0.40019834,-1.4193162,-1.4917086000000002,1.0447817,-0.87073076,-1.4107918,1.0186411,-0.5473121,-0.17226656,-0.80908626,1.3149261,-1.0067306,-0.72582954,-2.1058211,0.24613455,-0.22031681,0.48812702,0.25311473,0.31018865,-1.6625657,-0.69219667,0.9929165,-1.0148032,-0.13044687,-0.8281101000000001,1.357892,1.5721637,0.9157394,-0.14770213,1.6122581,-1.4256079,-0.19594279,1.9565114,-0.16917986,0.116699256,1.0579207,0.5556479,0.7247946,-0.8349441999999999,-1.1048969,0.8763318999999999,0.51595956,-0.8273674000000001,1.6774365000000002,-0.64820164,-0.1805147,-0.34054333,1.3417337,-1.7375459999999998,0.645939,0.86120087,0.44368583,0.87501276,-0.21456811,0.89080155,0.7803366999999999,-1.4150895,-0.501202,0.46202466,-1.7907082,0.399398,0.4922989,1.8058181,0.72623056,0.44283774,0.68089813,1.3444842,-0.06901571,-1.1586813,0.56931746,-1.0190486,0.31963867,-0.6094961,-0.683079,-0.948694,0.34546128,-0.0459267759999999,0.4442072,-0.032453068,-1.3364667,-0.49170393,1.1964643,-1.0389925,-0.3024529,-1.8590474,1.4948924,0.3675442,1.7869005,1.1380123,-1.0211794,0.5442887
1983,-0.10529457,-0.15052229,-1.7863349999999998,-0.44465646,-0.8558517,2.041198,1.5000823,0.28366354,-0.37921092,-0.19474347,-0.871481,0.09625712,-1.1983731000000002,-0.059861455,1.1313912,0.3432066,1.8852766,-0.021206364,-0.97929275,-1.0750314,-1.8112805,-1.8745043,-0.23683348,0.33323827,0.0015820294,1.2005157,-0.016887309,0.09838097,-0.2663037,0.34488642,-0.07859585,-0.8469174,-1.1615897,-0.03199373,-1.6099775,1.0846136,-0.59429806,0.8037099,0.26645875,-2.4258096,0.4747385,-1.2669594,-1.517359,1.068091,-1.610888,-1.1597031,0.9389817,-1.1485999,-0.79816586,-0.79904854,1.2817723,-1.7830927,-0.720252,-2.1277416,0.04567178,-0.25531265,0.68064964,0.46663004,0.27019933,-0.80849504,-0.63606095,1.0755812,-1.2268705,0.38267508,-0.7503380000000001,1.4094895,1.5684308,0.96639764,-0.2662233,1.6882433,-0.7970435,-0.06087404,1.9778613,-0.42759046,0.12275965,1.129649,0.29918882,0.97947454,-1.316895,-0.94137275,0.8330254,0.50346786,-0.8067129,1.6920011,-0.72800463,-0.15176827,-0.35771996,1.16919,-1.0380769,1.1994108,0.8412741,0.35278675,0.9636292,-0.3599553,0.8800766999999999,0.7085076,-1.6923846000000002,-0.35006276,0.4007102,-0.9108519,0.5281068,0.19283634,1.8397794,0.55557287,0.43148133,0.713821,1.3715227,-0.2780548,-1.1068095,0.6269256999999999,-0.8899068000000001,0.23207323,-0.40374312,0.06496615,-1.3134624,0.7521613,0.094068244,0.46834272,-0.14351192,-1.3197114,-0.46135506,1.2106779,-0.7474548000000001,-0.40960208,-1.7622335999999998,1.5477731,0.45089376,1.7667668,0.9881201,-1.4016294,0.54284346
1984,0.3449067999999999,-0.013721317,-1.3637993,-0.70491266,-0.80759007,2.1470740000000004,1.476898,0.34895,-0.31992796,-0.23936161,-0.9375352,-0.06568498,-1.3098603000000002,0.13299666,1.2425488,0.5960551,1.9086635,0.11402073,-0.86047405,-0.7163729,-1.664214,-1.4053488,-0.14940338,0.2948726,0.20032126,0.974264,-9.7435244e-05,0.22881114,-1.0183927,0.1733579999999999,-0.14855984,-0.6724578,-1.6268833,0.073558524,-1.3740736,1.1434935,-0.58650416,0.86159086,0.19539835,-2.192184,0.45888892,-0.97797334,-1.6480622,1.0424778,-1.0956072,-1.1118331,0.90205014,-0.9413836,-0.53809667,-0.47823876,1.3544519,-1.9611055,-1.590465,-2.068768,0.04803509,-0.0128580189999999,-0.6401996,0.51867974,0.2883297999999999,-1.011098,-0.75069106,1.0442572,-1.1566326999999998,0.31968662,-0.6548401,1.472334,1.6007372,0.9830157,-0.31228518,1.6621889,-1.4087493,-0.960491,1.9806353,0.15979335,-0.025545169,1.1930596000000002,0.4143045999999999,1.0525079,-0.50521344,-1.12665,0.8685156999999999,0.66245353,-0.81293976,1.7025588,-1.2159426000000002,-0.1111301999999999,-0.3501329,1.1766455,-1.5119833,0.78462356,0.8707784,0.276875,0.83990943,-0.075954065,0.34326556,0.81260955,-1.4050027,-0.3154878,0.5156031,-1.488969,0.34661597,0.17959377,1.8793585,0.58476824,0.30728066,0.61869335,1.4298925,-0.80572003,-0.7965916999999999,0.6543354,-0.5124416,0.17819515,-0.26978415,-0.13128634,-0.96995914,0.28839427,0.1491647,0.4243013,-0.18287157,-1.6104957,-0.48784867,1.2627114,-1.0040524,-1.6047782,-1.7747754,1.4903129,0.4990776,1.7575371,1.0315955,-1.3525598,0.49301088
1985,0.010550344,-0.43067965,-1.4215525,-0.57012707,-1.2078664,2.2611158,1.638648,0.23856644,0.32613447,-0.22362235,-1.1953478000000002,-0.42902243,-1.6375006,0.18712519,1.1711024,0.23533793,2.0131693,-0.0050355718,-0.92055434,-0.8248359000000001,-1.3347443,-0.99947935,-0.5659487,0.15577303,0.09726435,1.0139267,-0.14357056,0.1962352999999999,-0.47902843,-0.025164166,-0.17666492,-0.567513,-1.7827712,-0.034093115,-1.416763,1.242168,-0.77111715,0.7940826,0.033518184,-1.8612611,0.24616036,-0.9577844,-1.6061753,0.9896814,-1.0841451000000002,-0.08763957,0.79224974,-1.1552956,-0.6576529000000001,-1.0366299,1.3754183,-2.0138822,-0.71366656,-2.1005998,-0.08531514,-0.12291184,-0.76413035,0.4799209,0.20037039,-0.61044484,-0.9072142,0.8016724000000001,-0.9504532,-0.0303629529999999,-0.6931508000000001,1.4614339,1.6447956999999995,0.98547375,-0.29381514,1.7398401,-1.2252623,-0.8300076,2.0888488,-0.3585177,0.008471003,1.2297502,0.3798839,0.8511868,-0.8732694999999999,-0.9277871,0.920301,0.5404358,-1.0525345,1.8110515,-0.10791881,-0.18748552,-0.2813594,1.5800653999999998,-1.6846332999999998,0.58673245,0.86170316,0.299175,0.6470276,-0.290377,0.3170686,0.8728727,-1.3682497,-0.24292496,0.3567353,-1.310364,0.53000736,0.1320206,2.0139627,0.63739514,0.13177563,0.7168061,1.4597868,-0.5177953,-0.99385196,0.67323864,0.23023215,0.20927589,-0.2859576,-0.3871394,-1.001685,0.79811245,0.023471281,0.3023982999999999,-0.05317204,-1.7617706000000002,-0.49325517,1.3876362,-1.301204,-1.3888912,-1.9347553,1.7100948,0.50302655,1.8823171000000003,1.0138328,-1.259085,0.48616788
1986,-0.98432344,-0.46993682,-1.1899452,-0.20986657,-1.1651266000000002,2.4410226,1.4722458,0.19445059,-0.58016896,-0.2838635,-1.1576226,-0.29205108,-1.612922,-0.054987907,1.2396133,0.17302594,2.2430112,-0.19499819,-1.0348911,-1.229771,-1.7205335,-1.2181252,-0.32102573,0.19685158,-0.18315698,0.81994027,-0.24942987,0.111756966,-0.74852425,-0.30291075,-0.24141206,-0.82816356,-1.3315971000000002,0.03297547,-1.5461280000000002,1.2088363000000002,-0.9025275,0.73959416,-0.06703885,-0.40575168,0.006797659,-0.8964008,-1.6318718,0.9862869,-1.2450662,-0.27475777,0.8681960999999999,-0.9059035,-0.44524434,-1.2478744,1.4807415000000002,-0.8327696,-1.5307623,-1.9114639,0.054541506,-0.57024086,0.32415533,0.8058685,0.21097249,-0.85536045,-0.5563015,0.9011994,-1.0905837,1.2823699,-0.91031194,1.549122,1.6510098999999998,1.0946392,-0.26061717,1.8222423,-1.2393313999999995,-0.9917647,2.2951012000000004,-0.2896613,-0.2227831,1.1605083,0.5119,0.97473633,-1.0404423,-1.3611193,0.7127357,0.52381885,-0.9674259,1.9664917,-0.8625264000000001,-0.28029564,-0.46007282,0.9825184,-1.4321492,0.36096907,0.79321635,0.49004936,0.8537127,-0.34506488,0.18010624,0.79917496,-1.3334097,0.22809498,0.23605128,-0.8714316999999999,0.20715916,-0.013468358,2.1597557000000003,0.44854477,0.33437696,0.2521942,1.4557425,-0.7242381,-0.8275319,0.66663694,-0.26529896,0.04221347,-0.2577552,-0.56746423,-1.1559565,0.7140261,-0.07160436,0.18662155,-0.14176027,-2.0656636,-0.3667357999999999,1.4325275,-0.92684764,-1.5127104999999998,-1.5801651,1.8103139,0.23871544,1.8046935,1.032131,-0.5174282,0.36990044
1987,-1.0480763000000002,-0.6958807,-1.7431424,-0.08528713,-0.6054764,2.435067,1.5041777,0.10450897,-0.4599045999999999,-0.45801422,-0.9095687,-0.36297917,-1.4702758,0.03914278,1.2953458,0.055279046,2.1858616,-0.3861862,-1.1963269,-1.3456652,-1.5382701,-0.8172016,-0.37738067,0.10039804,-0.12222948,0.78648645,-0.33932176,0.22746186,-0.51817656,-0.14589563,-0.26117778,-0.93801117,-1.7066443,0.020793855,-1.3350768999999998,1.1571069,-0.5925357,0.6694148,-0.18015103,-2.0595264,-0.0311348329999999,-0.8629657,-1.2368513,0.9628302,-0.99595153,-0.7073969,0.866993,-0.65934247,-0.5877991,-1.4823463,1.47632,-1.0309196,-1.2352327,-1.6584746,0.15372239,-0.005907524,0.42270163,0.9288414,0.061273713,-0.64090794,-0.5750515,0.8229786,-1.3258076,0.15868907,-0.8965069999999999,1.5664679,1.7136773,0.94186527,-0.12859915,1.7134532999999998,-1.3792408,-0.6580451,2.307656,0.3084295999999999,-0.3400393,1.2525562,0.4670528,1.1105448999999998,-0.8973114,-1.3237633999999998,0.6340864,0.5235567,-0.80567497,1.8749354,-1.3829995000000002,-0.07572923,-0.3885385,1.1089424,-1.2733158000000002,0.587974,0.7710371,0.23673432,0.8133528,-0.24393941,-0.22544391,0.8812406999999999,-1.3516077,0.3837757,0.09904098,-0.24546687,0.065856695,-0.07882849,2.1660948,0.53025055,-0.1257242999999999,0.37449422,1.4290200000000002,-0.6248911,-0.48173466,0.85195255,-1.7057563000000002,-0.40392843,-0.45229053,-0.17106713,-1.1625142,0.9142521999999998,0.11334667,0.26646662,-0.14900133,-1.8761148,-0.6379523,1.4448752,-1.289216,-1.2904218,-1.6997999,1.804301,0.34995636,1.8923665,1.0746776000000002,-0.0451881659999999,0.33413932
1988,-0.3638947,-0.24134947,-1.4325266,-0.9311517,-0.59785503,2.401594,1.3039662,0.23909324,-0.21223629,-0.41627362,-1.0443693,-0.30033496,-1.299856,0.01216694,1.1212254,0.39890382,2.138445,-0.47015402,-1.1153395000000002,-1.3219715,-1.5489109,-1.1421212,0.009313237,0.07246221,-0.14610487,0.7111618000000001,-0.2608603,0.19980137,-0.52511346,-0.09612261,-0.25439537,-0.9644071,-1.6862843,-0.056564588,-1.4277688,1.1189601,-0.44622338,0.6199446,-0.22142188,-1.8832941000000003,-0.075623855,-0.7891355,-1.5448482,0.9202762,-1.3498992,-1.1808257,0.93908465,-0.93190485,0.30726528,-0.9946868,1.3779607,-1.760814,-1.4085753,-1.7004043000000002,0.07127104,-0.27912065,0.26216206,0.8786606,0.17009701,-0.38866648,-0.54269195,0.9085021,-1.0473102,0.39138103,-0.85608065,1.5712403,1.6469854,0.924156,-0.13344449,1.7309746,-1.1688603000000002,-0.8906255999999999,2.2490575,-0.27476466,-0.4290706,1.335792,0.45610747,0.8924973,-0.9736541,-1.1425794,0.65585846,0.4442828,-0.69930667,1.8688368,-0.21269032,-0.11088593,-0.4238729999999999,1.2095661,-1.4609504,0.81832385,0.86196244,0.16772975,0.6781571,-0.30469114,0.5417873000000001,0.8190812,-1.1931329,0.09328053,0.13048927,0.050715502,0.3410559999999999,0.023043497,2.194509,0.2689291,0.2706726,0.28342718,1.4460998,-0.66892266,-0.8235084,0.7569441,-0.36830175,-1.0561761,-0.31121513,0.0037678094,-1.1633584,0.6312751,0.0047379467,0.26592958,-0.29193714,-1.6294978,-0.5593507,1.3921438,-1.0949067,-0.6505135999999999,-1.8407605,1.7362242,0.29366776,1.8213445,1.1190089,-0.11381439,0.43362936
1989,-0.6093313,-0.55186725,-1.3830937,-0.09299046,0.06770663,2.3486432999999995,1.4548531999999998,0.35396,-0.26839375,-0.2675055999999999,-1.011278,-0.062437303,-1.8317591,-0.08326119,1.245347,0.15902182,2.1608682,-0.47983906,-1.2357382,-1.2018379,-1.5851008999999998,-0.99404776,-0.16542955,0.04187653,-0.06427589,0.52233875,-0.2191288,0.15640275,-0.65565735,-0.08798952,-0.12529661,-0.8653559000000001,-2.0410504,-0.04978246,-1.4543834999999998,1.1739968,-0.75990236,0.5937118,-0.39594415,-1.5816146999999998,-0.1780412999999999,-0.54680806,-1.7327941999999998,0.89223766,-1.2024422,-1.3601992,0.98298186,-0.7983623000000001,0.08523355,-0.89869213,1.4025087,-0.93646365,-0.9928746,-1.803848,0.23464148,-0.2617115,0.4657835999999999,0.8024578,0.053207375,-0.48260373,-0.63201475,0.8654188,-0.7004629,-0.70568126,-0.9259299,1.5821754,1.5896549,0.82717246,-0.5682756,1.685014,-1.3727212,-1.1171261,2.2320096,-0.04738016,-0.31709695,1.393693,0.4971786,0.87158865,-0.6383364,-1.0654907,0.899958,0.54991674,-0.8826203000000001,1.922901,-1.1794124,-0.14162207,-0.4863364,1.3679024,-1.5356299,0.6524763000000001,0.8953822,0.25157392,0.7050123,-0.22406912,0.6283858,0.7961727,-0.9724788,0.038610946,0.20817527,-0.91899824,0.48464683,-0.06450713,2.1454446,0.38336164,0.3172737,0.2322581,1.4083898,-0.59477425,-1.2875359,0.83075553,-1.4066944,-0.8201195,-0.3771584,0.080797195,-0.89059275,0.9663272,0.0756125,0.37919855,-0.26882026,-1.7488707,-0.562322,1.431819,-1.1751028,-0.4071389,-1.7327290000000002,1.8241296,0.28229994,1.832586,1.0771606000000002,-0.51745313,0.5191307
1990,-0.21138713,-0.42856997,-1.2362225,-0.365358,-0.57967997,2.4079127,1.5378866000000002,0.2052284999999999,-0.6183044,-0.089227796,-0.9525153,-0.22836983,-0.90851784,-0.008552001,1.3199292,0.3074618,2.2974455000000003,-0.36948994,-1.145185,-0.88165903,-1.2384382,-1.2685978,-0.05248686,0.106406175,0.02626312,0.55967015,-0.2543368,0.32042456,-0.79326737,-0.2177125,-0.0050872554999999,-0.9215473,-1.6032699,0.20083626,-1.1296383,1.2147769,-0.4974749,0.66438174,-0.23830372,-1.7899811999999995,-0.03255294,-0.36867863,-1.7250086,0.85782427,-1.4829103,-0.9888227,0.8119624,-0.60951424,-0.22003697,-0.998607,1.4753748,-0.93715644,-1.0598393999999998,-1.8804187,0.07939052,-0.24129085,0.43448547,0.8526511,0.16828303,-0.6898289000000001,-0.42623258,0.77238715,-0.6932228,-0.84359926,-0.831623,1.6879727999999998,1.6697148999999998,0.9673943000000002,0.09504056,1.7684221999999998,-1.450862,-0.5982599000000001,2.304778,-0.035711788,-0.3155743,1.2470188999999998,0.57644767,0.8170276,-0.9278151,-1.0214949,0.77988195,0.4574689,-0.8845572,2.0186763,-1.1291844,-0.1971945,-0.37577876,1.2522827,-1.3781224,0.3069091,0.94997215,0.3499804999999999,0.7541116,-0.31663913,-0.7751898,0.8045633000000001,-1.1455236999999998,0.039152086,0.1774805,-0.81168264,0.35763168,-0.0567134,2.1224406000000005,0.44617423,0.20523061,0.2670540999999999,1.4488851,-0.21422982,-1.4226866000000002,0.8606628000000001,-0.37375444,-1.096856,-0.2281266,-0.4066455,-1.0631917,0.97821504,-0.10606606,0.39096692,-0.23581596,-1.4666004,-0.6065673,1.3686644,-1.1496061000000002,-0.47649658,-1.7242106,1.8661126,0.19346277,1.9776291,0.8454686,-0.3105116,0.34024888
1991,0.30382058,-0.64796036,-1.276356,-0.417256,-0.6393751999999999,2.447788,1.6767421999999998,0.2390433999999999,-0.76687384,-0.4252218,-0.8777961999999999,-0.6312346,-1.48932,-0.07816179,1.3399353,-0.0671336,2.3262882,-0.52447534,-1.5514665,-0.8964216,-1.2115431,-0.33103126,-0.09493218,0.09231371,0.17016582,0.38052422,-0.37468588,0.2116513,-0.6215263000000001,-0.37741166,-0.11556005,-1.05371,-1.2925681,0.07669915,-1.5210751,1.2400475,-0.696774,0.62516916,-0.35614547,-1.1718303999999995,-0.19336793,-0.46800104,-1.1378045,0.8029048000000001,-1.2893689,-0.8204143,0.64294195,-0.76408195,-0.12831905,-1.5669258,1.4946836,-1.7704498,-1.3044924999999998,-1.4970427,0.114979535,-0.1564431,0.289798,0.833643,-0.03870025,-0.8848533000000002,-0.5216287000000001,0.8620599,-0.21960995,-0.92580277,-1.0146594,1.6556404999999998,1.7084998,0.82043624,-0.2573859,1.7996848,-1.5224481,-1.1439496999999998,2.32257,0.2612714,-0.5581494,1.361392,0.664515,0.7261278,-1.1785675,-0.9405996,0.5075166,0.5028902,-0.91645336,1.9961559,-1.1648141,-0.20728733,-0.47947776,0.399277,-1.1980877,0.18447047,0.8486201999999999,0.2557906,0.6700053,-0.15565236,0.6867127,0.80869925,-1.0333982,-0.07826977,0.12616609,-0.25281766,0.27066392,0.029939918,2.2669816000000003,0.30588946,0.027677497,0.13106725,1.5426428,-0.7346599,-0.6801783,0.9010481,-0.49703166,-1.0351012,-0.07675072,-0.31183034,-1.0504899,0.58403134,0.08193432,0.2606727,-0.5167228,-1.4266682,-0.7127594,1.4585146,-0.8615828000000001,-0.59709984,-1.6896131999999997,1.9488499,0.17649071,1.9737062,0.9339434,-0.4845109,0.44265997
1992,-0.5867219,-0.64476913,-0.79055727,-0.43371767,-1.1427218,2.4516976,1.6606933,0.07179942,-0.9067019,-0.24194154,-0.6098256,-0.5667243000000001,-1.2228538,-0.076690935,1.3694786,-0.49141288,2.24952,-0.48015213,-1.0302669,-0.97787267,-1.6022211000000002,-1.2855526000000002,-0.1021428559999999,-0.0057326425,0.23633459,0.18108827,-0.33971134,0.10109412,-1.1768976,-0.20032948,-0.13976054,-0.9892592,-2.3828418,0.10951831,-0.87742454,1.3015106,-0.34798887,0.4750497,-0.24955761,-1.1153501,-0.03114624,-0.5250669,-1.9064204,0.7541121999999999,-1.2700906,-0.22399347,0.5811663,-0.8157778,-0.24189658,-1.4704193,1.4315072,-2.0470762,-1.6897308999999998,-2.2759233,0.043178517,-0.15134239,0.396523,0.90393656,0.1448196,-1.1629895,-0.5100636,0.91219497,-1.2260708,-1.0366849,-1.0364817,1.6964642,1.6827663,0.7780656,-0.31818014,1.7818997,-0.93631417,-1.284672,2.296835,-0.1063848959999999,-0.57388693,1.3543618,0.68514436,0.828211,-1.0371097,-0.9301931,0.503161,0.4186602,-0.9064329,1.975207,-0.9495793,-0.2865449,-0.45780572,0.30202687,-1.6835721999999995,0.0473958629999999,0.9144619,0.2010421,0.7169644000000001,-0.1881056,-1.2360951999999998,0.74702996,-1.3248144,0.116540015,0.1395037999999999,-1.1992922,0.4350598,0.022894625,2.2265904,0.24275775,0.28931484,0.18613528,1.449085,-0.1307729,-0.611123,0.95691025,0.056698486,-0.71160233,-0.11965306,-0.33330947,-1.1951077,0.7085928000000001,0.08381158,0.2694114,-0.33897862,-1.264399,-0.7190109,1.4541723,-0.9841207,-1.2062666000000002,-2.0198758000000003,1.9296613,0.16096586,1.8901808,0.8779646000000001,-0.2140833,0.47151634
1993,-0.34387055,-0.54372257,-0.8084346,-0.0068151555,-0.5795158,2.5014784,1.7574322,0.09869032,-0.43477792,-0.14518717,-0.73812234,-0.6564439999999999,-0.9822671,0.048244495,1.500474,-0.40017506,2.276629,-0.48600748,-1.3525847,-0.8245826999999999,-1.4523779,-0.3900317,-0.2707385,0.120218776,0.26929644,0.2230332,-0.4496164000000001,-0.040976036,-0.291444,-0.43525997,-0.034594767,-0.88167125,-1.1272538,0.26162717,-0.4167805999999999,1.2904428,-0.397524,0.51299405,-0.40095413,-1.5756843,0.030771434,-0.44292355,-1.9763305,0.6357398,-1.4981574,-1.8313884,0.6095556,-0.9074185,-0.4721233,-0.88414085,1.4525532,-1.9445407,-1.532131,-2.1761053,0.2624993,-0.3169537,0.32619464,0.96886706,0.23820497,-2.2749438,-0.53279936,0.87169313,-1.0819451,-1.0732062,-0.8282594000000001,1.6421124,1.7458352,0.86511177,-0.15452337,1.7575287,-1.563115,-0.7380682,2.374316,-0.1373062,-0.5238229999999999,1.3952483,0.71042395,0.6577565,-0.85613245,-1.1084906,0.41361317,0.5022685,-0.70944446,1.9981111,-0.5963695999999999,-0.24909249,-0.49537194,0.64840436,-1.5533774,-0.0057818023,0.98937887,0.37704566,0.74075466,-0.09169658,-1.8666966,0.8763723,-0.39411327,-0.00996891,0.15732527,-1.1193447,0.25975093,-0.0526125879999999,2.1914546,0.38028958,0.30119994,0.19283062,1.5457045,0.5886395000000001,-0.7857456,1.0893146,-1.1617073999999998,-0.5785180999999999,-0.5234132,-0.77517176,-1.0589169,1.1186404,0.14340955,0.20542997,-0.41704094,-1.174419,-0.8457370999999999,1.4061823,-0.95677847,-0.8767883,-2.0453722,1.8424733,0.13682298,1.8681479,0.6736732,-0.40413305,0.5800241999999999
1994,0.19294254,-0.6570964,-0.7939238000000001,-0.2261627999999999,-0.8213792,2.753766,1.8352795,0.08631987,0.22435209,-0.4185117999999999,-0.6386456,-0.6851254,-1.4184858,0.15073091,1.6386569,-0.34534413,2.3438973,-0.8008187,-1.308876,-0.98794377,-1.990665,-0.61763847,-0.14357018,-0.2820604,0.28121313,0.39264482,-0.47772825,0.025185736,-0.93797946,-0.57897747,-0.12054342,-0.97550076,-1.9423456,0.22984588,-0.29043847,1.2540367,-0.53647894,0.40532863,-0.5982877,-1.6245922,-0.09410263,-0.37045544,-1.5302494,0.7096011,-1.2293923999999998,-1.9215914,0.61704695,-0.8776259,-0.6473042,-0.6533489,1.4318464,-1.6771147000000002,-1.5827525,-2.2083857000000005,0.011662558,-0.7524883000000001,0.038814466,1.0145633,-0.022034097,-0.4759095,-0.72523123,0.99276406,-0.7143498,-1.1871777,-0.9198983,1.5812225,1.6955881000000002,1.0450891,-0.16752367,1.7008197,-1.7132303,-0.97267205,2.4024092999999995,0.047540426,-0.79860145,1.3741417,0.6346257,0.9412218,-1.05472,-1.1526794,0.39016843,0.47771427,-0.7481939999999999,2.0233753,-0.4055174,-0.47761777,-0.6352298000000001,0.57252103,-1.1774285,0.15097891,0.9331544,0.3739989999999999,0.96916276,-0.093508966,-0.3505922999999999,0.92707074,-0.8785568000000001,-0.21163619,0.013961171,-0.79693764,0.19678456,-0.065624334,2.2618797,0.4624719,0.17144051,0.2357278,1.4814678,-0.7482561,-0.2904036,1.1752586,-0.70667505,-1.1702323,-0.3016489,-0.27178422,-0.96248543,0.17306353,0.15028365,0.23897666,-0.45108807,-1.2847152,-0.6306278000000001,1.4963303,-0.47978818,-0.71108484,-0.83381605,1.8981271,0.11210191,1.9469445,0.6779841,-0.55971,0.28902602
1995,-0.068550095,-0.67723155,-0.8962011999999999,-0.823351,-0.9558629,2.7569916,1.7987746,0.21990402,-0.1971535,-0.48601517,-0.40036303,-0.8377771,-1.5838801000000002,0.20224127,1.4947969,-0.59742117,2.2748377,-0.77411985,-1.2948704,-0.94746536,-2.1185977000000005,-0.7951843000000001,-0.31375718,-0.5705403,0.30523005,0.12093758,-0.60148996,0.014040312,-0.6246187,-0.84481174,-0.21202703,-0.91815513,-2.223129,0.24968666,-0.83938515,1.2111368,-0.34636995,0.40357745,-0.49199882,-1.1199343000000002,-0.11020196,-0.3517228,-2.053099,0.53720605,-1.6295335,-1.6832744,0.77193046,-1.0149418,-0.7547284000000001,-0.54650456,1.4039422,-1.1125693,-0.756408,-2.1109157000000005,0.20184879,-0.6094261,-0.14001507,0.70141584,-0.15984921,-1.1909647,-0.6962329,1.0049459,-1.1842031000000002,-1.1335086,-0.9904382,1.5038837,1.8525544,1.0402497,-0.2910099,1.6509237,-1.37112,-0.7683324,2.4218001,-0.04476012,-0.99601126,1.2093135,0.84012413,0.79936546,-1.1114191,-0.69513506,0.34956887,0.5040502,-0.3071519,2.066799,-0.71971065,-0.39793774,-0.6365550999999999,0.76960766,-1.7765595,-0.34852347,0.9214619,0.52067333,0.6969473,-0.2670323,-0.6521015,0.9752891,-0.46255112,-0.27658665,0.1579289999999999,-0.64812875,0.07721228,0.05043142,2.2917228,0.33923385,0.14997895,-0.016820166,1.5654641000000002,-1.1753037,-0.9604327,1.2015071000000002,-0.5410887,-1.4161747,-0.99616843,-0.46992382,-0.7950759,0.66245633,0.11059099,0.31854877,-0.4838778,-1.2213686,-0.43375832,1.3312805,-0.70075274,-1.2487919,-1.1688069,2.1080754,0.08747559,1.8762095,0.87472504,-0.5598231,0.3765268
1996,0.003669254,-0.61834574,-1.2208627,-0.7154093,-0.6611984000000001,2.858869,1.7423915,0.5052465,-0.227075,-0.42357388,-0.5529928000000001,-1.0964813999999998,-1.0377163,0.101509675,1.7375783,-0.5119765000000001,2.3443375,-0.7593618000000001,-1.3258219999999998,-0.97157466,-1.9188641,-0.86847115,-0.40593803,-0.71610254,0.2771715,0.30171943,-0.5651204000000001,0.14576894,-0.67227405,-0.64363986,0.0020327789999999,-0.80995685,-1.7825303,0.2615512,-0.026599558,1.1575912,-0.76043606,0.49924794,-0.5786989,-1.2720119,-0.2869895999999999,-0.2595201,-2.314454,0.6990414,-1.182626,-2.1513245,0.80628306,-1.1289531000000002,-0.47806224,-0.8948465,1.331177,-1.1725338,-0.89091486,-1.9253069,0.0071993014,-0.27900666,-0.22862528,0.8856901,-0.2509174,0.8137553000000001,-0.57403964,0.5993914,-0.78353953,-0.9007304,-1.0725186000000002,1.4169273,1.5713655,1.2307925,-0.4706532999999999,1.5914419,-1.0374128,-0.99466103,2.3471012000000004,-0.039966896,-0.8019991,1.1599215,0.80873376,1.2455923999999998,-0.6025249,-1.3428534,0.51078904,0.40423292,-0.66705376,2.0126257,-0.86230385,-0.37430757,-0.71165013,0.6585619,-2.043879,-0.3591985,0.905526,0.7789484,0.22512518,-0.16133434,-0.4127972,0.9709318,-1.0945272,-0.23773022,0.21841832,-0.87962556,-0.0025410573,0.07010097,2.1864145,0.182427,-0.032430105,-0.09233984,1.5604855,-0.5299065,-1.4749852,1.2886347,-0.539406,-1.3949999,-1.0840464,-0.48206618,-1.0058132,-0.15297638,0.025253419,0.38397494,-0.37009582,-1.1058956,-0.76692337,1.4763685,-1.0628045,-1.0235153,-1.2520955,2.0076194,0.072597004,1.9481484,0.8207271,-0.81087923,0.11774219
1997,0.446472,-0.59910315,-0.77544,-0.6608366,-0.44366536,2.771316,1.875847,0.57277256,-0.2333419,-0.37565425,-0.7656839,-0.9321272,-1.5636427,0.33665672,1.5571278,-1.1276764,2.327788,-0.844282,-1.2226936000000002,-1.0908977,-1.960463,-0.6550041,-0.34861022,-0.6864098000000001,0.2938115,0.82352024,-0.6353365,0.15078785,-0.3290978,-0.63387394,0.044834394,-0.67516035,-1.7029492,0.21640168,-0.2798580999999999,1.0689889,-0.11157724,0.49663287,-0.42359012,-1.2235833,-0.17965026,-0.21049619,-1.8002516,0.4759452,-1.7302461,-1.8178442,0.84473205,-1.1240017,-0.8557882,-0.6860936,1.3271061000000002,-1.0663334999999998,-0.64740664,-1.8354986,0.07258896,-0.5697972,-0.069039196,0.7735350999999999,-0.18727598,-2.3578703,-0.7449316999999999,0.9164157,-1.0493195,-1.3386772,-1.1419284,1.422606,1.6737626,1.2641996000000002,-0.36396736,1.596917,-1.0398899,-0.6006651,2.3603156000000003,-0.13777602,-0.88390917,1.4049009,0.80575854,1.1063184,-0.8118695,-1.2485377,0.52322644,0.37205198,-0.6051380999999999,1.9040054,-1.1669239,-0.6030193,-0.6467465,0.41035166,-1.2776425,-0.4496495,0.9121801,0.7348048,0.64178675,-0.068418294,-1.0192139,0.9285859,-1.5908859,-0.1586665,0.22590432,-0.8816016999999999,0.0519469859999999,0.023455761,2.0806706000000004,0.08002394,0.0038005,0.28229344,1.4701828,-0.4016116,-0.66794014,1.1946703,-0.31505477,-1.6654841,-0.60752314,-0.66235125,-0.8911194,0.38833055,-0.03386127,0.38029394,-0.5140174,-1.1755854,-0.7932338000000001,1.5799743999999998,-1.1259278999999998,-1.3571693,-1.4841077,1.991377,0.15442799,1.9742485,0.8577351999999999,-0.699387,0.45144743
1998,0.47173598,-0.6509009,-0.58624464,-0.4845584,-0.55214274,2.7122927000000003,1.9350777,0.70725924,-0.20364788,-0.32669997,-0.5336145999999999,-0.81957835,-0.9627944,-0.06262474,1.4578823,-1.0053966,2.265613,-0.8566708000000001,-1.3852693,-1.0090523,-2.037389,-0.45435208,-0.3651125999999999,-0.94803417,0.34479782,0.9086308,-0.72335774,0.23507649,-0.38277975,-0.63605964,-0.11341234,-0.79417074,-2.1627238,0.26486468,-0.25280192,1.0497484,-0.47320375,0.524871,-0.5152784,-1.7190859,-0.3118790999999999,-0.25326216,-1.8566186,0.5166854000000001,-1.445732,-1.8469887,0.8262430000000001,-0.89343774,-0.9031536,-0.7929096,1.3059193,-1.8088112,-0.76820093,-1.8314852,0.05126593,-0.4991395999999999,-0.12851189,0.7482668,-0.13360322,-3.2117643,-0.72616667,0.64307934,-1.2601748,-1.4654154,-1.2174237,1.3335903999999998,1.6535178,1.1298481000000002,-0.4090463,1.5595036,-1.0994973,-0.5137126000000001,2.3987246,0.04549617,-0.9533267,1.2856332,0.8203267,1.0571583999999998,-0.9498041,-0.8731283999999999,0.5203460999999999,0.38020477,-0.43394133,1.8782117,-0.9295741,-0.44783682,-0.5795888000000001,0.73280746,-1.5538201,-0.33367342,0.7638758000000001,0.7808881999999999,0.3062624,-0.13838907,-0.48089594,0.9233044,-0.75196487,-0.21419814,0.16360907,-0.76387835,0.17849174,0.0456492229999999,2.030484,0.12551087,0.016310502,0.2467727,1.4298648,-1.1543608,-0.5097229999999999,1.4606951,-0.35229626,-1.6262324,-0.6252279000000001,-0.62477803,-0.7553826,0.59312594,0.023045922,0.33941355,-0.637745,-1.0690608,-0.54499316,1.5638913,-1.470402,-0.8907404000000001,-1.5743283,1.9555587,0.07656535,2.0006955,0.88083404,-0.7907379,0.37196365
1999,0.7960058000000001,-0.8731452,-0.6470855,-0.62845623,-1.4178131,2.7703395,1.896707,0.5379144,-0.9077648,-0.3350369,-0.5646601,-0.9681048,-1.5531012,0.1408618999999999,1.575558,-0.6847413,2.2417738,-0.8837449,-1.1996964,-1.0354865,-1.7414227,-0.7273774000000001,-0.25733173,-1.0348333,0.23823984,1.3060107,-0.57191914,0.2556825,-0.41066822,-0.7488840999999999,0.08240091,-0.70313436,-1.7902298,0.45096514,0.47884426,1.081651,-0.23128837,0.52876693,-0.48113567,-1.9622781,-0.330436,-0.03707039,-1.6730338,0.5535208,-1.2726086,-1.9417979,0.77759093,-0.8511950999999999,-0.910951,-0.7128827,1.4220540000000002,-1.7015924,-0.48960775,-1.9750434,0.09677621,-0.5261186,-0.12800707,0.93034655,-0.13387974,-3.4051507000000005,-0.6481906,0.69334185,-0.8779288000000001,-1.184895,-1.1313912,1.4107653999999998,1.6362213,1.1577228000000002,-0.38789147,1.4884268,-1.009861,-0.2435736,2.3608854,-0.0040414953,-0.8362122,1.3721733,0.62496233,1.0107248,-1.1364502,-1.2484316,0.42093846,0.34283033,-0.61833906,1.8405309,-0.8478311,-0.4514401,-0.48117408,0.67289144,-0.88430506,-0.31078997,0.78196955,0.65457875,0.619146,-0.13274741,-0.48948142,0.95249516,-1.0340323,-0.22416706,0.09690122,-0.72705394,0.014474327,0.055667713,2.1110106,0.15679912,0.14115296,0.1761333,1.4232725,-0.45570442,-0.62157345,1.7426108,-0.71550274,-1.7585431,-0.29310614,-0.7542675999999999,-0.8997263000000001,0.19597892,-0.06908998,0.38870484,-0.49057183,-1.4305671,-0.38676664,1.639053,-0.68083936,-1.4274855,-1.6668966,1.9599392,0.0877613999999999,2.013555,0.7915949999999999,-0.82093006,0.48264137
2000,-0.5739031,-0.7425067,-0.76375675,-0.44918358,-1.6908706000000002,2.8218243,1.9869708,0.7655468000000001,-1.2911689,-0.123951145,-0.40086117,-1.203106,-1.1045594,-0.0704359859999999,1.6421392,-0.5347542,2.2689285,-0.7676295999999999,-1.2607857,-1.0829865,-1.3112402,-0.60299003,-0.36557764,-0.94683236,0.30473855,0.71829695,-0.54605097,0.32300606,-0.0024061606,-0.7247292,-0.010024248,-0.58900934,-2.3740056000000003,0.5054229,0.50720537,1.1587107,-0.3212463,0.62407786,-0.47277808,-1.6326067,-0.3771112,0.058468357,-1.9108206,0.5641116,-1.4446155,-2.176519,0.9513661,-1.0166429,-0.987694,-0.33173382,1.2592571,-1.6617519,-0.7955002,-2.192487,0.14053276,-0.55376416,-0.07777594,0.9020376,-0.061204452,-2.804554,-0.75603104,0.6100789000000001,-0.8657084999999999,-0.9248432,-1.1137629999999998,1.312843,1.6449692,1.2483559,-0.5542442,1.5150802,-1.092586,-0.1389424,2.3753576,-0.12501009,-0.7759632,1.4153869,0.8534662000000001,0.8771445999999999,-1.057474,-1.4469423,0.47338808,0.41967136,-0.8283896999999999,1.823798,-0.3871684999999999,-0.39027846,-0.49740654,0.7703228,-0.798345,-0.27041316,1.047497,0.79581803,0.6777233,-0.011509035,-0.82553333,1.0691011,-0.85168165,-0.13698857,0.26192972,-0.7418119000000001,0.011104363,0.12351417,2.0879838,0.18687984,0.10741241,0.13962273,1.3825778999999998,-1.06243,-0.54893786,1.5432863,-0.8181391,-1.6733,-0.77485746,-0.8606724,-0.81487674,-0.10887705,0.039635636,0.43422976,-0.5679571999999999,-1.2751881,-0.80088633,1.6475476000000002,-0.72387177,-0.8717872,-1.7116903,1.9705564,0.12792392,2.0999277000000003,0.6499049,-0.75357103,0.26483545
2001,0.060207225,-1.0260024,-0.55871093,-0.5701560999999999,-0.3825393,2.6740322,1.9661503,0.5462714,-1.4727726,-0.13713823,-0.6148852,-1.1387742,-0.50695956,0.049756024,1.7270021,-0.28228253,2.161588,-0.7410534000000001,-1.2845632,-1.0624851999999998,-1.2970266,-0.263125,-0.3467936,-0.8405813,0.2498335,0.3746489999999999,-0.6160059,0.38244402,-0.24546242,-0.5628387,0.15360057,-0.53397787,-2.167184,0.49264622,0.26295307,1.1380353,0.11069448,0.6887363000000001,-0.30427063,-1.2887955,-0.43618155,0.03923325,-2.1909294,0.63953763,-1.1121492,-1.3034502,0.9832379,-0.86683923,-0.9852561,0.16117382,1.299569,-1.4692051000000002,-0.7311783000000001,-1.9085765,0.1128897,-0.619765,-0.123958215,1.0886611000000002,0.054523945,-1.3104843000000002,-0.6886905,0.41846249,-0.9508589,-0.8596734,-1.0106373,1.3563272,1.6143808000000002,1.4362037,-0.53365076,1.4885446000000002,-0.78186923,-0.52392423,2.3358717,-0.013876911,-0.9144952,1.1767498,0.6584729,1.0487076000000002,-0.9226926,-1.7142953999999997,0.46429756,0.22030748,-0.7430217,1.8987739,-0.17680214,-0.31807095,-0.43380967,1.0704373,-1.6030784,-0.116484724,1.0692453000000002,0.7188637,0.54047644,-0.14812379,-0.69580096,0.8899728000000001,-0.6561331,0.0740822,0.33860704,-0.4540938,0.26520127,0.33779973,2.0168502,0.1923128,0.17863755,0.09267017,1.4254826,-0.45074198,-0.19276778,1.5870641,-0.67417616,-1.658584,-1.4769329,-0.9461452,-0.973691,0.00050654757,-0.12188961,0.53550184,-0.55896026,-1.1823702,-0.88991946,1.751955,-0.7622357,-0.9032533,-1.5108188,1.9661667,0.16821861,2.106844,0.54236585,-0.8659414000000001,0.3070051
2002,-0.6349214,-1.0506036,-0.68303555,-0.54249364,-1.3595066999999998,2.7747579,1.8531744,0.60514486,-1.3070582,-0.0580037829999999,-0.785592,-1.0700701,-0.39921188,0.17011651,1.9084723,-0.0021767765,2.2055066,-0.7574066999999999,-1.251639,-1.1095641,-1.4302986999999998,-0.092618726,-0.37218025,-0.83782333,0.32760525,0.0351274,-0.69022626,0.32974017,-0.5542593000000001,-0.45954067,0.29600963,-0.44170666,-1.8647488,0.51388705,0.29478857,1.0541078000000002,-0.11885892,0.5849555000000001,-0.38206154,-1.6841567,-0.4991297,0.098181546,-1.8043644,0.70493245,-1.0530614,-0.30444115,0.9449296,-0.97385824,-0.9281394,0.26653585,1.1757771,-1.1887127,-0.8037386999999999,-1.7059907,0.04537601,-0.7110962,-0.25857943,1.2677126,0.0598755179999999,-1.0082018,-0.63789105,0.54702353,-1.110093,-0.8577628,-1.2891183000000002,1.3447082,1.6485261000000002,1.4172724,-0.59055024,1.3944223999999998,-1.2585666000000002,-0.74777436,2.3678555,-0.008877339,-0.78802615,1.2577094,0.63134277,0.9012352,-0.99095714,-1.3366649,0.46805763,0.37067267,-0.73379564,1.8669966,-0.78669804,-0.4566028,-0.46176478,0.93473876,-1.3434105,-0.31754112,1.2323592,0.6296776,0.3402303,-0.07920136,-0.79400706,0.9672358,-0.6982352,0.083983354,0.20355362,-0.6882841,-0.056315128,0.21986128,2.134,0.0484982429999999,0.08574643,0.22090581,1.4243386999999998,-0.098269984,-0.14577717,1.7077211,-0.56283677,-1.4476366000000005,-1.3378906000000002,-0.69276947,-0.66525894,-0.033829864,-0.052461952,0.6181223000000001,-0.43339327,-1.2629521,-0.89675885,1.7939305,-1.0028981,-0.7683837,-1.4688356000000002,1.9545125,0.12981956,2.0673947,0.6895879,-0.6349458,0.33208832
2003,-0.0017992351999999,-0.6396128000000001,0.050348986,-0.4050764,-1.1658514,2.675147,1.8209832,0.6624223000000001,-1.5422136999999998,-0.19234905,-0.6239826,-0.8778091,-0.4619803,0.26667103,1.8854909,0.1683795,2.1943774,-0.75557464,-1.3125486000000002,-1.1392298,-1.4426393999999998,-1.1287120000000002,-0.31530076,-1.0457009,0.36801648,0.3089706,-0.66722375,0.30652565,-0.85527384,-0.63566834,0.0690765,-0.59029347,-2.2133164,0.56555223,0.48440132,1.0462065,-0.6427105,0.6161668,-0.2517877,-1.4527416000000002,-0.4434869000000001,0.025965247,-1.8205143,0.6424903000000001,-0.7146319,0.48164406,0.8876476000000001,-0.85902065,-1.0299716,-0.077388614,1.2414074,-1.244962,-0.7550873,-1.6212058,0.045321137,-0.90259814,-0.28137568,1.1371433000000002,-0.13293818,-0.7050951,-0.6515065999999999,0.4990729999999999,-1.2871603,-0.9317843,-1.3031434,1.3435587,1.6347579,1.367322,-0.57745415,1.4533162,-1.0852928999999998,-0.63752556,2.4097579,-0.036071993,-0.7584204000000001,1.2380198,0.63673884,1.1517177,-1.0919042,-1.2982156,0.43313622,0.36566496,-0.77125245,1.9312254,-0.84926,-0.55992526,-0.4760247999999999,0.38662073,-1.6158906000000002,-0.40507007,1.2943738,0.6661983,0.11974237,-0.12210068,-0.77830225,0.91707903,-1.0587568,-0.01340182,0.30701068,-0.4790987,-0.20088138,0.12643106,2.1398532,0.07285641,-0.015635159,0.20203274,1.3965023,-0.2905239,-0.5463522,1.7698481,-0.389677,-1.5248052,-1.2237121000000002,-0.516522,-0.7501116,-0.6326489000000001,-0.019269928,0.64367676,-0.36733323,-0.93813634,-0.6284046999999999,1.6065491000000005,-1.2243639,-1.1605059,-1.438882,2.036308,0.16873878,1.9672991,0.88056743,-0.9133619,0.1659652999999999
2004,-0.8264943000000001,-0.9328017,0.037469048,-0.6201581,-0.72082657,2.7561364,1.8183274,0.42280293,-0.70786166,-0.14247864,-0.8410870999999999,-0.6985448000000001,-1.0843761,0.10790125,1.8844151,0.01814051,2.2346032000000005,-0.7489601,-1.0482606,-1.1010801,-1.5725904,-1.6316301000000002,-0.3582345999999999,-0.9194344,0.2959972,0.029547755,-0.6265944999999999,0.20872003,-1.1184273999999998,-0.5053645999999999,0.28878608,-0.46875453,-1.928208,0.6335012,0.43205664,1.0405703000000002,-0.8890308000000001,0.705075,-0.16126224,-1.0040771000000002,-0.3939896,0.010096175,-0.8688107,0.7281599,-1.8941121,-1.2582643,0.98956776,-0.9907269,-1.1666613,-0.22746961,1.1713272,-1.3801495,-0.8359333000000001,-2.336753,-0.07084471,-0.9201976,-0.21054317,1.1837066,-0.1250921,-1.5082403,-0.6372143,0.6443078000000001,-1.2840537,-1.1452272,-1.2024444,1.3090744,1.5707902,1.4812747,-0.5655973000000001,1.4403715,-1.0150733,-0.27956593,2.4453104,-0.41193902,-0.79333276,1.2528952,0.5042326,1.2290378,-0.9964768,-1.5035524,0.39062673,0.44099137,-0.63446903,1.9589492,-0.5807983,-0.6098371,-0.42450342,0.6757598000000001,-1.0060711,-0.5512374,1.3579375,0.6953755,0.16384217,-0.24101375,-0.81954795,0.7815913000000001,-0.66701293,-0.036323477,0.29802865,-0.56962085,-0.10804857,0.0447057629999999,2.1056108,-0.051583212,0.05499693,0.26975283,1.2426647,-0.18332738,-0.7894098,1.8045015,-1.1024846,-1.2982271,-1.0096326999999998,-0.89514166,-0.6691696999999999,-0.3702223,-0.19873513,0.71060294,-0.24909662,-1.05367,-0.16826048,1.4984748,-1.0562508999999998,-1.422449,-1.4152542,1.9662807,0.24906498,1.8729874,0.7311746,-1.0038463,0.427322
2005,-0.4656114999999999,-0.5327145000000001,-0.7584342,-0.28957218,-1.7474269,2.6489823,1.7455473,0.55354667,-0.8817721,-0.30940023,-0.87630916,-0.70426023,-1.0029395,0.21327293,1.7252377,-0.11413328,2.122208,-0.59271157,-1.1166722,-0.79931146,-1.5699145,-1.2147323,-0.34046313,-0.9592983,0.24420087,0.05429809,-0.46966907,0.23850708,-1.1718836,-0.35630196,0.12892556,-0.4963153,-1.6488551,0.6763057,0.65990144,1.0538588,-0.21395054,0.67531747,-0.16447619,-1.4877768,-0.39180082,-0.07722831,-1.9427054,0.6885796,-1.3695356,-1.240898,0.96985644,-1.002174,-0.84254587,-0.42107055,1.0774057,-1.5213711,-0.8181486,-2.2570636000000004,0.14709046,-0.82512414,-0.2880296,1.346403,0.0067327414,-1.9552065,-0.7391555999999999,0.8116725,-0.83461326,-1.1249857,-1.1416441000000002,1.3095897,1.525785,1.6829718,-0.6008591,1.4635633999999995,-0.9699825,0.21788901,2.281822,-0.30888394,-0.60752916,1.3035651,0.65941715,1.2852271,-0.9770205,-1.4924133999999998,0.39941323,0.47451493,-0.63388854,1.8849411,-0.7786358,-0.5267643,-0.5047708,0.11439599,-1.5113865,-0.20043384,1.4522523,0.8623093000000001,0.20474352,-0.15282965,-0.3288654,0.88174516,-0.5234390999999999,0.07322947,0.24153346,-0.71532613,-0.14166056,0.08896148,1.9983652,0.13395509,0.06464877,0.35640422,1.2539722,0.067164,-1.077222,1.7347511000000002,-0.39758572,-1.1703723999999998,-1.2487258,-0.622238,-0.63658667,0.0892492159999999,-0.13632376,0.7578654,-0.18454477,-0.88927555,-0.15829127,1.5108176000000002,-0.53120166,-0.9706548,-1.6109142,1.961555,0.28448433,1.8288575,0.73134685,-0.92031395,0.4412104
2006,0.007926464,-0.63799274,-1.0431273,-0.5487576999999999,-0.93366545,2.4422128,1.6169177,0.31125173,-0.87181634,-0.31073138,-0.91745377,-0.49903148,-0.13921104,0.06816658,1.6683166,-0.46769875,2.0386677,-0.5004939,-1.2031838,-0.7725706999999999,-1.754684,-2.8428094,-0.30505753,-0.8555893,0.1831697,0.23525922,-0.41821516,0.202078,-0.8139898,-0.28041658,0.32714984,-0.08940447,-2.4487214,0.73282975,0.23031998,0.99094576,-0.9067231,0.6955693000000001,-0.21430771,-1.5268251,-0.17962758,0.003696653,-2.2010963,0.63347,-1.7295452,-0.773687,1.0576863,-0.96172124,-1.0797167,-0.23445365,1.1157181,-1.5707532,-0.9293002,-2.088278,0.076917134,-0.80693185,-0.12731686,1.2996733,0.14025655,-2.3271332,-0.5202167999999999,0.689051,-0.9605836,-0.8419355,-1.1291885,1.2520899,1.4996865,1.5885891,-0.40276197,1.416017,-0.92117393,-0.4270392,2.135679,-0.5559647,-0.5271655,1.2867377,0.62295943,1.536682,-0.8422700000000001,-1.7273551,0.49023396,0.40442097,-0.49234396,1.7725879,-0.5880064,-0.5235155,-0.37724996,-0.1432398999999999,-1.2162625,-0.22023927,1.4695389,0.64938444,0.31143853,-0.19315128,-1.5068184,0.8065104999999999,-0.44470093,0.07128987,0.18374796,-0.8179503,-0.34699166,0.16222805,1.9214609,0.04776525,0.51184493,0.4501130999999999,1.2342243,0.24678804,-1.0423224,1.6701343999999998,-0.5244696999999999,-1.0705591,-1.1990744,-0.7543528,-0.75581354,-0.36076063,-0.18326475,0.84224164,0.04454234,-0.78928405,0.20731437,1.5013218000000002,-0.7031838,-1.0939188,-1.8919543,1.8630219,0.41471007,1.8509778,0.6216853,-0.94161206,0.72891575
2007,-0.13615917,-0.6742085,-1.0495671999999998,-0.3356018,-0.3720886,2.3050241,1.5076287,0.18680456,-0.71964777,-0.28206617,-0.92269546,-0.4101377,-0.23358749,0.1047355,1.6184242,-0.5791194000000001,1.9791636,-0.4309810999999999,-1.0254457,-0.46253395,-1.6490928,-3.0613096,-0.23528476,-0.7185654,0.10604216,0.31534505,-0.35758314,0.27448964,-0.8898968,-0.3904777,0.32460397,-0.10253226,-1.9577338,0.87447095,0.10676164,1.003181,-0.51918787,0.7402708,-0.17294589,-1.6940444,-0.1634648,0.07663241,-1.7943202,0.7564761,-1.8598404,-1.037662,1.1114334,-0.7544645000000001,-1.6844071,-0.79220515,0.99858105,-0.82222486,-0.96142787,-2.0977638,-0.044800792,-0.9396143,-0.024915181,1.345688,0.22534475,-2.6928115000000004,-0.5494989,0.8189408,-1.0800306,-0.74386716,-1.011659,1.2362243999999998,1.4130858,1.5657793,-0.4052192,1.4059469,-0.67107886,-0.39008653,2.0519617,-0.7879444,-0.53603435,0.94154316,0.51830965,1.1402757,-0.66573316,-2.0458317,0.46423042,0.3861207,-0.49035197,1.7876663000000002,-0.45632157,-0.48878598,-0.29816502,0.4310762999999999,-1.2483888,-0.1978785,1.4846437,0.8682108000000001,0.28975812,-0.19315246,-2.2330008,0.6770784000000001,-0.77786094,0.09318925,0.2879114,-0.64008206,-0.35866794,0.18591993,1.830398,0.13832407,0.50405276,0.48926115,1.1374686,-0.30874008,0.26571247,1.6540987,-0.44313714,-1.4382639,-1.4571633,-1.400383,-0.8271608,-1.1462952,-0.099253714,0.90427166,0.033072874,-0.68120897,-0.44224387,1.2589024,-0.7269026999999999,-1.1121833,-1.7135136999999998,1.8454639,0.5031808,1.6521096000000002,0.6422944,-0.7133828000000001,0.73967427
2008,0.2972614,-0.88598365,-0.9063914,-0.58043146,-2.3504038,2.3177562000000003,1.4942429,0.062096745,-0.75026673,-0.30504617,-0.78683853,-0.2660616,-0.09410683,0.26451862,1.6095686000000002,-0.9042842,1.9806613,-0.3705145999999999,-1.0491779,-0.6115425999999999,-1.4367437,-2.4753585,-0.13784407,-0.91324097,0.13305542,0.3133917999999999,-0.4625795999999999,0.3282913,-0.95156676,-0.26986656,0.4056425,-0.041489985,-1.9652995,0.8565813,0.19319998,0.9661396,-0.19728677,0.75302106,-0.1515707,-1.3278946000000005,-0.14731647,0.05155608,-1.8757999,0.7863149,-1.9497659,-1.0794603,1.1226145,-0.7425682,-1.3363706,-0.35451874,1.0692981,-0.92534924,-0.98634225,-1.7786155,0.09602602,-1.1098268,0.076766394,1.2278479,0.167038,-2.5789173,-0.6315733,0.7856188000000001,-0.8867004,-0.78303903,-0.7906249,1.2796018,1.4888161,1.5527061000000002,-0.32409513,1.3792794,-0.82943404,-0.74100804,2.0283012,-1.1705687,-0.5850932,1.0136291,0.3856549,0.8579181,-0.7789712,-1.8618832,0.47221744,0.32311833,-0.4783154,1.7179961,-0.31712133,-0.40851542,-0.13581972,-0.28897712,-1.4015114,-0.40446767,1.501854,0.80132955,0.3616784,-0.17326713,-2.6958778,0.6087956,-0.33827403,0.10297812,0.29651308,-0.5032323000000001,-0.39921632,0.2502076,1.8179399,0.16896915,0.62214327,0.49331728,1.1773151000000002,0.52981824,-0.6283215999999999,1.913389,-0.78364,-1.107368,-0.971075,-1.714648,-1.2214096,-0.6724091999999999,-0.3971616,0.9881578,-0.058640227,-0.5599039000000001,-0.39229548,1.6167592,-0.57666314,-1.2946278,-1.5277703,1.7279502,0.51879495,1.7116035,0.6873656,-0.6334496000000001,0.9415973
2009,0.14271249,-0.9324767,-0.547523,-0.73855084,-1.2478628,2.2847443,1.4675055,0.048661005,-0.69139224,-0.35466307,-0.92721236,-0.3672534,-0.46148834,0.25214294,1.6252747,-0.94347125,2.0153220000000003,-0.4725443,-1.2445008999999998,-0.49540642,-1.6177418,-1.8248798,-0.21808149,-0.9793234,0.12679169,0.2653086,-0.3653033,0.18937139,-1.085148,-0.102845035,0.49264804,-0.107678205,-2.399328,0.89101845,0.14010578,1.0229776,-0.3897624,0.6465678,-0.044199616,-1.628207,-0.28694883,-0.07277709,-1.6072215,0.6855734,-1.3509098,-0.9379876,1.1605281,-0.8419415000000001,-1.4499476,-0.5704816999999999,1.1015464,-1.0395569,-1.1071942,-1.6672771,0.13895184,-0.87510145,-0.10293098,1.2036105,0.20318668,-2.9046192000000004,-0.58037865,0.909188,-0.6574009,-0.9309714,-0.89541036,1.3289049,1.5275161,1.6550617,-0.27993366,1.3929025,-0.8146048,1.3810747,2.041426,-0.83489865,-0.54778284,1.0818847,0.29680827,1.1704897,-0.94879717,-2.0945642,0.48909238,0.24938883,-0.5515259,1.7464358,-0.85782975,-0.48590907,-0.4439159,-0.18696989,-0.9215726,-0.087512895,1.6007508,0.51026857,0.35693952,-0.20524946,-1.657061,0.6710408,-0.5976224,0.05424202,0.23249784,-0.43430343,-0.35430557,0.3353185,1.8811946,0.11583532,0.6769162,0.52901584,1.2113446,1.223688,-1.0168616,1.979851,-1.219207,-1.1015198,-0.94594353,-1.7671099,-1.3232529,-0.055949632,-0.35823593,0.9740494,-0.20902047,-0.5744005999999999,-0.11006704,1.476167,-0.5770932,-0.8708100000000001,-1.4073368,1.8179841,0.4758585,1.6016221000000002,0.78815126,-0.798077,0.9030519
2010,0.6615031,-0.9121607,-0.7830748000000001,-0.5918937,-1.4300221000000002,2.4358158,1.5648577,0.15820508,-0.507596,-0.4830152,-0.84793335,-0.2658882999999999,-0.89358217,0.10509931,1.7498938000000002,-0.09897791,2.136332,-0.6659888,-1.2956698,-0.50799024,-1.6443293,-0.65683126,-0.20996271,-0.7563512,0.15381323,0.018022126,-0.46254393,0.16360268,-0.6394498000000001,-0.014160268,0.5426434,-0.09613513,-1.2901584,0.97529685,0.07986109,0.9928184,-0.095888525,0.6577732,-0.07980609,-1.721653,-0.3442777,-0.071884684,-1.5964296999999998,0.83713377,-2.0091188,-1.7052997,1.0828288,-0.72542244,-1.0559328,-0.7571621000000001,1.1021707,-1.0844722,-1.0799203000000002,-1.9018322,0.052101128,-1.3688637,0.017720176,1.2579603,0.2813209,-3.9149866,-0.5508337,0.812843,-0.79357433,-0.86013967,-0.9371268,1.184863,1.5047761,1.750156,-0.3383762,1.4165722,-0.78202206,-0.4943246,2.1150038,-1.2999212,-0.62249595,1.2399336,0.44124097,1.1047283,-0.85518825,-1.9976163,0.47827378,0.16702858,-0.55808556,1.8190056,-0.6071349,-0.6396065,-0.40911338,0.03278205,-1.2295061,-0.066804655,1.6509558000000002,0.31651378,0.36733946,-0.27612555,0.19048867,0.63169646,0.18691204,0.06155115,0.17188904,-0.74752593,-0.2036406,-0.00077983877,1.8158746,0.05979335,0.76813656,0.47957042,1.1759535,1.0914378999999998,-1.1555568,2.0105648,-0.75263727,-1.3028214,-1.4598452,-1.0792003,-0.65253335,-0.65974116,-0.4775229,1.0477922,-0.19651298,-0.54721385,-0.51251715,1.313718,-0.57990354,-0.7121827,-1.5174336000000002,1.6940386000000005,0.53661,1.602699,0.6265265,-0.88747394,0.7356036
2011,0.0652029,-0.8502411,-0.6911113,-0.7600733000000001,-0.9488083,2.3525293,1.5682738,-0.001622178,-0.5908724,-0.35930654,-0.90749,-0.34208134,-0.6725241,0.14653684,1.7690905,-1.0813831,2.1020546,-0.58890885,-1.0726278,-0.49573663,-1.1525446,-2.0666518,-0.19271909,-0.92522645,-0.0410616029999999,0.22686212,-0.40038437,0.2081193999999999,-0.99075097,0.038461696,0.534425,0.056153767,-1.6778929,1.0923054,-0.23908928,0.95545185,-0.78204525,0.6949812,-0.05890048,-1.7674285,-0.21443488,0.04465368,-1.578048,0.8647716999999999,-1.5595391,-1.1300442,1.1675473,-0.69454056,-1.8540609,-0.4655114000000001,0.9955168,-0.51104975,-1.0065205,-1.8709589,-0.0037557895,-1.0542511,0.08674461,1.0314736,0.44765648,-2.8372507,-0.5031858,0.5320844,-0.9690739,-0.75588673,-1.0370578,1.1783938,1.4642409,1.7554029999999998,-0.24268882,1.4107598999999995,-0.5327574,-0.9472531,2.0574179,-1.6447668000000002,-0.43681145,1.1857798000000002,0.3761334,1.3686997,-0.7717783,-1.930183,0.62812006,0.24326178,-0.48537502,1.7686691000000003,-0.67138916,-0.5335945,-0.2488697,0.07726917,-1.1257538,-0.28919655,1.6326326,0.13746129,0.254081,-0.14694417,-1.5730174,0.57468843,-0.3767591,0.21162158,0.1327871,-0.6122534000000001,-0.3696950999999999,0.048280492,1.7761127,0.10006686,0.9311138,0.3886656,1.13059,0.9491039,-1.2461787,1.8165061,-0.81323063,-1.0251215,-1.1954063999999998,-1.7102833999999998,-0.96592003,-0.738792,-0.41334367,1.1857576,-0.23352331,-0.5919352,-0.41401485,1.3108394,-0.2895707,-0.9928627,-0.92324203,1.7162241000000005,0.5938576,1.5865163,0.6031966999999999,-0.7320848000000001,0.77254105
2012,0.062021248,-0.74871224,-1.0455221,-0.37979722,-2.968605,2.3257458,1.5113401000000002,-0.123649314,-0.7828016,-0.33151206,-0.69832504,0.12079181,-0.50459373,0.20266783,1.6716863000000002,-0.6436031999999999,2.0265145,-0.6003464,-1.1575548999999998,-0.6647827,-1.0462196,-2.291195,-0.14579086,-0.5953863,0.065100685,0.3713083,-0.33059773,0.24883224,-0.6242856,-0.3072891,0.44656014,0.075500295,-1.3664318000000002,1.0156845,-0.5326123,0.9257007,-0.66629636,0.6977992,-0.101343974,-1.9041055,-0.15801442,0.04569435,-1.6100594,0.78830785,-1.501575,-1.6641793000000005,1.039598,-0.66209024,-1.7459412,-0.36801293,0.96197546,-1.0187938,-1.0147374,-1.6164985,-0.01901466,-1.3442464,0.12898922,1.1669856,0.5094323000000001,-3.0769641,-0.36281082,0.6534715999999999,-0.6853826,-0.6328743,-0.9118725,1.1594778,1.414721,1.8394792,-0.2561442,1.3966258,-1.0541047,-0.65073705,1.9774429,-1.6796685000000002,-0.33262274,1.1252542,0.34045535,0.77500147,-0.8744006,-1.291314,0.60116106,0.21502414,-0.49995968,1.7109550999999998,-0.6750856,-0.47011524,-0.24579325,0.60800934,-1.6362007,-0.017850114,1.61049,-0.10913667,0.2920498,-0.18030904,-1.1307288,0.6305755,-0.07951904,0.24381824,0.16135228,-0.5255779,-0.25740218,0.034488134,1.7212682,0.0135805764999999,1.0018778,0.36778116,1.0642503,0.58993626,-0.8538353000000001,1.7621343999999997,-1.2744532,-1.1808836,-1.274567,-2.7784371,-1.0679405,-0.18596411,-0.5371968,1.2170594,-0.087083116,-0.49273315,0.08156809,1.1761549999999998,-0.47594917,-1.0708873,-1.1535587,1.5813699,0.6575734000000001,1.5446528999999998,0.5462670000000001,-0.60562766,0.62196165
2013,-0.36952364,-0.9024103,-0.83432287,-0.5666244,-1.6639999,2.3334174,1.6120584,-0.082329914,-0.6986926,-0.44779295,-1.1429611000000002,-0.09157666,-0.60248065,0.28408948,1.7382846999999997,-0.5836094000000001,2.0899227,-0.6972238000000001,-1.1470861,-0.786091,-1.5082333,-2.8935604,-0.12015818,-0.62778306,0.116241254,0.49643466,-0.47487244,0.18185998,-0.7231025999999999,-0.36404374,0.6390826999999999,0.009263904,-1.7984201000000002,1.0672866,-0.42937702,0.9554721,-0.76721185,0.70508665,-0.09231173,-1.2810721,-0.22016531,-0.006877453,-1.2408766000000002,0.7914007,-1.6811522,-1.8888432,1.1134101,-0.8251790000000001,-1.5360299,-0.867648,1.0120056,-0.93574995,-1.0025874,-1.6794024,0.042829316,-1.2647848999999998,0.10404627,1.2327217,0.40153977,-3.147217,-0.66610634,0.60784537,-0.4351904,-0.63487613,-1.1373094,1.1903017,1.5253298,1.817145,-0.3031185999999999,1.4193834,-0.6969713000000001,-0.26288182,2.1086874,-1.2812017,-0.37463856,1.0247631,0.2803998,0.710108,-0.9071689,-1.2248971000000002,0.6223245,0.19223699,-0.5606614000000001,1.8554341,-1.046677,-0.6400442,-0.3205832,1.0207533000000002,-1.6520622,0.08063363,1.6962558999999997,-0.30492318,0.18880023,-0.18455586,-1.1989852,0.5993053,-0.47612688,0.20866947,0.073441826,-0.53209496,-0.39943725,0.034491457,1.7851293999999998,0.1288253,0.8719816999999999,0.37392837,1.1984915,0.8777845999999999,-0.97909766,1.8446854,-1.0008351,-1.2788695,-1.1315118999999998,-1.8715926,-0.23625085,-0.35226426,-0.63369036,1.2486396,-0.27257913,-0.46170148,-0.31053376,1.3278698,-0.25728965,-0.9242127,-1.4784613000000002,1.7002823,0.58001614,1.6284653,0.7109009,-0.7956476,0.36482766
2014,0.21706435,-0.88674,-1.1911339,-0.50923926,-0.8665335,2.2977893,1.5695775,-0.0067370296,-0.7307064,-0.44000176,-1.2005165,-0.22825037,-0.13325617,0.13009737,1.8504808,-0.5604898,2.027022,-0.59594554,-1.3505927,-0.69048476,-1.5643442,-2.5920036,-0.03600855,-0.89497674,0.1564145,0.19996683,-0.4294567,0.23631576,-0.79332805,-0.3908405,0.83560055,0.13576183,-2.2668903,1.1113919,-0.7184958,0.95741576,-0.98006403,0.7633522,-0.055785555,-1.7494903999999998,-0.24762209,0.06813474,-1.5470685,0.919844,-1.4258565,-1.62451,1.1328691,-1.0520556,-1.4279658000000002,-0.7972503000000001,1.08881,-0.7264128000000001,-0.8547843,-1.9012417,-0.047848355,-1.3685025,0.11639189,1.2923266000000002,0.45973772,-3.0470395,-0.37243316,0.45538458,-1.1036454,-0.5871427,-1.1472418,1.1541103,1.4323233,1.964265,-0.41178584,1.4763285,-1.1140305,-0.2019936,2.1061192,-1.1668463,-0.20919663,0.9753858,0.23286676,0.8871376,-0.9245985,-1.4739044,0.6119118,0.123648904,-0.6128219,1.7825325,-1.0271535,-0.617883,-0.30641368,1.4195409,-1.3543806,0.087173246,1.713536,-0.11844368,0.2350882999999999,-0.19623645,-1.2601066,0.6145431,0.74172586,0.13936508,0.06419325,-0.5893698,-0.5829911999999999,0.084347665,1.7256327,0.15524703,0.89972025,0.32006797,1.1829339,0.5761616999999999,-1.2957558999999998,1.7503606,-0.70915097,-1.1784924,-1.0310603,-1.539253,-0.47744897,-0.55295944,-0.58777887,1.3164431,-0.07653224,-0.50573784,-0.53205603,1.3749793,-0.278229,-0.4615005999999999,-1.3595933999999998,1.5917585,0.6641597,1.5428041,0.67842436,-0.8532103000000001,0.47685352
2015,-0.83171743,-0.93801033,-1.0525603,-0.60114825,-1.0295633,2.4852083,1.7219814999999998,0.122382216,-0.67721534,-0.5985486,-1.1432685,-0.4767282999999999,-0.79249066,0.2056622,2.0052738000000003,-0.40593186,2.2613517999999995,-0.7473039,-1.1740865,-0.80882865,-1.8901676,-1.6303972,-0.16244304,-1.0097831,0.09392112,0.41085702,-0.6359020000000001,0.23374452,-0.6657590999999999,-0.3572004,0.87115586,-0.055202235,-1.6497711,1.258262,0.2142427999999999,0.8937255,-1.2112174,0.7021935,-0.18532889,-1.2632495,-0.32478356,-0.019320158,-1.6311153,1.0115107,-1.4113452,-2.2749124,1.1347201999999998,-1.0304977,-1.2753844,-0.84591556,1.1350615,-0.9835015,-1.0166129000000002,-1.8610276,-0.1444353,-1.2489778,0.03359869,1.3519508,0.24298154,-2.4992507,-0.47887477,0.40026733,-1.5741242,-0.68298125,-0.8825658000000002,1.1425257,1.4399995,2.09708,-0.49848738,1.439387,-0.76818997,-0.41530615,2.3057923,-1.3351576,-0.5552967,1.0448034,0.19934474,0.9189786,-0.88047445,-1.4651177,0.46955517,0.16541514,-0.60469544,1.85844,-0.5969908,-0.74305373,-0.5410179,0.81402266,-1.4174615,0.28749102,1.7042785,-0.46038342,0.12243103,-0.25999445,-0.50331616,0.5765478,-0.40677503,0.26445392,0.018392693,-0.6194494,-0.31281802,0.027495936,1.7870308999999998,0.11081381,0.7724631999999999,0.36264393,1.3128641,0.35172293,-1.6227022,1.8836453,-1.4673576000000002,-0.8070801,-1.2750131000000002,-1.3485781,-0.18972497,-0.67780185,-0.48024106,1.2512584,-0.26797748,-0.5505498999999999,-0.7746633,1.357498,-0.2527244,-0.8630093000000001,-1.2286016000000002,1.5863698999999998,0.46258807,1.6475694,0.86752605,-1.0135038,0.053621218
2016,-0.89576554,-0.49611267,-1.1577408000000002,-0.648644,-1.0824062,2.5500743,1.6991900000000002,0.0860087,-0.59472406,-0.5783549,-1.0097091,-0.78565973,-0.7616084,0.09962271,2.0284548,-0.52984023,2.3286157000000003,-0.7806806,-1.0789601,-0.97963196,-1.7560213,-2.4341755000000003,-0.20212655,-1.0468589,-0.029618138,0.4532686999999999,-0.6483286,0.22381313,-0.86149144,-0.2561936999999999,0.95865124,0.04821414,-2.0350485000000003,1.3075857,-0.25550544,0.795006,-1.4413301,0.6619608,-0.33496943,-1.4612265,-0.3970725999999999,-0.013630178,-0.98672175,0.8776189,-1.5601771999999998,-1.5260984,1.1068956,-1.0327256,-1.2435676000000002,-0.7103989,1.1321924,-1.1342971000000002,-0.97704536,-1.7380831,-0.3348466,-0.9833781,0.07554618,1.3935059,0.2753743,-1.7382854,-0.5060286,0.5982138000000001,-1.5348094,-0.70365024,-1.163689,1.0572625,1.4907226999999998,2.1686387000000003,-0.48355392,1.4615264,-0.90262043,-0.63057685,2.3074288,-1.2837116000000002,-0.370598,0.99322194,0.28498814,0.981182,-0.8350561,-1.2762775,0.5090623,0.09330641,-0.6659626000000001,1.7439439,-0.4059785999999999,-0.8181783,-0.540154,1.1328375,-1.2574548,0.23993325,1.7056074,-0.5080355,0.10033298,-0.16292322,-0.40099996,0.54104096,-0.5693029000000001,0.28594372,0.053899374,-0.77750605,-0.1845747999999999,-0.0403407739999999,1.731295,0.040088415,0.7312582,0.3854170999999999,1.2947108,0.63634247,-1.2646635,2.0149338,-1.0853109,-0.9913596,-1.2076063,-1.1206781,-0.40863708,-0.26761526,-0.5856133000000001,1.2490785,-0.2692654,-0.47683585,-0.6960849,1.3207768999999998,-0.41257238,-0.86377746,-0.5622936,1.621764,0.46024716,1.5696163,0.6641835,-0.95413125,0.22927515
2017,-0.39561468,-0.64724743,-0.5769462,-0.6045035,0.1371599,2.444078,1.5363547,0.07402032,-0.44851157,-0.35105443,-1.0329566,-0.65346986,-0.94731486,0.2792227,2.0038223000000004,-0.42615584,2.2443457,-0.73743594,-0.9113131,-1.0986309,-1.6003013,-2.6653368,-0.09792121,-0.79336697,-0.048667863,0.6772074,-0.5939871999999999,0.262126,-1.0605441,-0.3622520999999999,0.7170736999999999,-0.0065493328,-1.8276547,1.1579096000000002,-0.53915155,0.7720281999999999,-1.3416834,0.6929076999999999,-0.1660972,-1.6948531999999998,-0.40755412,-0.072976805,-1.5807588,0.8770650999999999,-1.5164589,-2.5138578,1.2129412,-1.109413,-0.9189842,-1.0848475,1.0908049,-1.0394416,-0.99186534,-1.7848142,-0.2684406,-1.1105056999999998,0.11753973,1.3487632,0.313426,-1.1358669,-0.44762018,0.47282737,-1.1611392,-0.6541855,-0.8747136000000001,1.1432757,1.3874034,2.1277466,-0.54917103,1.4374555,-0.9104441,-0.3466712999999999,2.1640265,-1.1919425,-0.5008962,1.158779,0.10311914,0.99434245,-0.73313534,-1.4883931,0.5633419,0.15492629,-0.6042046999999999,1.722766,-0.49140975,-0.82144666,-0.5066911000000001,1.1694703000000002,-1.3529886,0.16057374,1.6949027,-0.31796294,0.07923661,-0.28298312,-0.26490274,0.6610321,-0.20683327,0.28879815,0.10646285,-0.88483256,-0.15041289,-0.0392395,1.6951128,0.09085945,0.63809323,0.43719214,1.2396967,0.30020195,-1.4977909,1.8943721,-0.904508,-1.1364372,-1.3967323,-1.0676321000000002,-0.3056009,-0.1362283,-0.5985371,1.2888029,-0.31487507,-0.59323233,-0.9752808,1.4448233999999998,-0.42695412,-0.5675891,-1.0762954,1.6562994,0.60107857,1.4998428999999998,0.39322808,-0.97406536,0.35097417
2018,-0.6579090999999999,-0.8352495999999999,-1.0818739,-0.6993134,-0.36046776,2.4803274,1.5527736,-0.07997066,-0.5137265999999999,-0.40324768,-1.0695186,-0.66582775,-0.54260695,0.16177587,2.0283582,-0.2915368,2.1732519,-0.73763746,-0.9970468,-1.056786,-1.7208308999999995,-1.5875013999999998,-0.09393525,-0.95604974,-0.053311042,0.3599080999999999,-0.57445043,0.5365613,-0.6251378000000001,-0.21047495,0.72336495,0.11184774,-2.065257,1.1889228,-0.17022997,0.8511970999999999,-1.098293,0.7873811,-0.2686247,-1.326291,-0.32117656,-0.000994392,-1.6785396,0.8625154,-1.2194192,-1.3172511999999998,1.1323862,-0.9813707,-1.1211851000000002,-1.0017583,1.0609635,-1.2144,-1.0213845,-1.839074,-0.23950186,-0.8920128,0.07891847,1.2728506000000002,0.39611778,-0.62775296,-0.50551623,0.50894004,-1.2406254,-0.5513779000000001,-0.6633425999999999,1.0947607,1.3578535,2.139149,-0.38163173,1.4594798999999998,-0.7690887,-0.260395,2.1268609,-1.1800833,-0.3114929,1.205666,0.16654247,0.8601949000000001,-0.60597026,-1.3426725,0.5169169,0.11339793,-0.50434256,1.7986872,-0.8058764,-0.842934,-0.36409324,0.42338225,-1.4532133,0.33565187,1.698341,0.7666908,0.12546656,-0.24325265,-0.7905232,0.6085401999999999,-0.30997413,0.27714998,0.069841154,-0.68142635,-0.32209262,0.14407334,1.725421,0.016527215,0.0070606,0.37832922,1.2446741,0.18920398,-1.2106874,1.8702685,-0.43256813,-1.260844,-1.2537616000000005,-1.4543223,-0.29072326,-0.2662561,-0.5578929,1.3780183,-0.20598775,-0.5691142,-1.0775393,1.3646996,-0.72113436,-0.77582246,-1.614157,1.5615177,0.58835137,1.4814423,0.35925442,-0.87887883,0.18000901
2019,0.106794894,-0.7272281999999999,-1.191091,-0.8501607,1.0303507,2.4697924,1.5281957,0.09234181,-0.33715448,-0.53800315,-0.88969445,-0.61655325,-0.49753255,0.2988186,2.043222,-0.16426021,2.2108753,-0.74192667,-1.0815259,-1.0905482,-1.5398731,-2.4546688,-0.1691328,-0.98974764,0.018764094,0.44730744,-0.5432292,0.42813283,-0.964525,-0.25370684,0.8845097,0.0167340539999999,-1.6066945,1.1012686,-0.6360132,0.79240054,-1.1055688,0.6132074000000001,-0.22757202,-1.7522088,-0.42767915,-0.055504154,-1.0207471,1.1559926,-1.3864193,-1.7491168,1.0595446000000002,-1.1872948,-1.1269724,-0.95469695,1.0740161,-1.4034251,-1.0920181999999998,-1.6431286,-0.31953743,-1.0936204,0.0129755065,1.2950896,0.3064897,-1.7472417000000002,-0.6152788,0.5663589,-0.81363654,-0.5117218,-0.77859294,1.0781578,1.3450568,2.0741632,-0.4149037999999999,1.3331541,-0.8643055000000001,-0.30663213,2.076226,-1.4287063,-0.2049558999999999,1.3080014,0.037466872,0.8558859000000001,-0.6468558000000001,-1.4424788999999998,0.5196722,0.09970754,-0.5138859,1.824995,-0.39979973,-0.83645874,-0.29640973,0.44997108,-1.3841872,0.3527679999999999,1.6189733999999998,1.0528944,-0.05484465,-0.3030950999999999,0.08158463,0.63682336,-0.46255273,0.38176042,0.077452935,-0.9989359,0.097650774,-0.071456246,1.7306345,0.0028340034,0.36095744,0.24432504,1.1925682,0.05409596,-0.9509505,2.0306146000000003,-0.5317283,-1.266958,-1.0749271,-1.4307994,-0.36534348,-0.76068807,-0.51007617,1.3353411,-0.21380962,-0.65575534,-0.7753597,1.4424161,-0.29271683,-1.1503729,-1.3110268,1.505713,0.58613926,1.4977049,0.53018767,-0.9267297,0.15067676
2020,-0.68395907,-0.33933076,-1.9616189,-0.67294794,0.25955307,2.3945415,1.4370899,0.19903554,-0.118621215,-0.31704912,-0.86482596,-0.5302576,-0.67818695,0.26001057,2.192923,0.029647,2.24811,-0.6635694999999999,-0.9960462,-0.93457514,-1.4514958999999998,-2.3241650000000003,-0.19060779,-0.7869283,-0.17609,0.14366995,-0.39441973,0.39927965,-0.7214508000000001,-0.32753885,0.7181307,0.040417735,-1.0876013999999998,1.092378,-0.5431121,0.750199,-1.0875611,0.714483,-0.15293713,-1.9311209,-0.4750764,-0.09786857,-0.74942106,1.3407468,-1.5658062,-2.4543068,0.9776695,-1.2177764,-0.7524396,-0.8931109,1.064143,-1.3860703,-1.1345621,-1.6776349999999998,-0.34988347,-0.95725995,-0.08612543,1.2085446000000002,0.41008836,-0.6796029,-0.62683964,0.747764,-1.1305674,-0.3435955999999999,-0.88598573,1.098839,1.3194449,2.0805385,-0.6394639,1.324223,-0.8954081,-0.57710296,2.0992608,-1.2847201,-0.34455028,1.1935898,-0.094642006,1.0144283,-0.61108893,-1.4090387,0.5608929,0.08165147,-0.4454464,1.7700807,-1.1147933,-0.8708014999999999,-0.33596587,0.5162036,-1.7279695,0.4812638,1.5236195,1.2227935,-0.07004942,-0.26426458,0.18385269,0.55157113,0.06888271,0.26836526,0.17563668,-0.85256106,0.04957743,-0.06270305,1.6524612,-0.09495581,0.48165166,0.20889507,1.1682718,0.8804523999999999,-1.317704,1.9490134,-0.72972727,-0.9279782,-1.2593317,-0.58100134,-0.2996317999999999,-0.73893213,-0.5607969,1.3150162,-0.08290264,-0.6085505999999999,-1.2880367,1.4748893,-0.17943667,-0.71057343,-1.5985998,1.4194463,0.61749345,1.6148552,0.69409364,-1.0576285,0.39115176
2021,0.346088,-0.97144365,-2.441536,-0.656918,-0.32190773,2.2640643,1.4049027,0.19238457,-0.16259702,-0.23033197,-0.9830669,-0.44839725,-0.41469082,0.2337308,2.0305626,-0.3783307,2.140303,-0.5692318000000001,-0.8407597,-0.7700163000000001,-1.7235698,-2.025555,-0.13498041,-0.7946645,-0.14771828,0.015690686,-0.3530328,0.47836685,-0.7476279,-0.3115966,0.7596491999999999,0.036365185,-1.2078258999999998,1.1199546,-0.9801328,0.7565789,-1.0140104,0.7431955,-0.16932192,-2.4160976,-0.20499633,-0.09235208,-1.0400707,1.2013909,-1.4577127,-1.7580107,1.0175671999999998,-1.0687606,-0.62682056,-0.99619114,0.99330395,-1.7103671000000005,-1.5474783,-1.6159297,-0.19786197,-1.2153045,0.050319057,1.1396077,0.39083406,-1.0282679,-0.51928395,0.54475904,-0.6103784999999999,-0.38717446,-0.8806284,1.0592493,1.3362215,2.0378988,-0.35204473,1.3483225,-1.1795713,-1.543752,1.9371309,-1.2844517,-0.21880136,1.1681431999999998,-0.16482677,1.028724,-0.4111962999999999,-0.8112649000000001,0.61798525,0.19633187,-0.44083542,1.6754705,-0.7279726,-0.8633430000000001,-0.24333432,0.3670377,-1.5890591,0.44947362,1.5247633,1.4841093,0.08917685,-0.30327478,0.13200761,0.57885444,-0.40778533,0.35188437,0.25424865,-1.030919,-0.46457565,-0.13283533,1.5373482,0.23785289,-0.45625818,0.34203124,1.1836269,0.45841035,-1.0077746,1.8347754,-0.84961045,-0.8258979999999999,-1.1666185,-1.1092545,-0.18771853,-0.65837246,-0.5494419,1.3270195,0.07504177,-0.530818,-1.0422182,1.4413548,0.09190764,-0.7483533,-1.45564,1.3552113,0.6128321,1.6125351,0.3941938,-0.9146126,0.38453516
